voiceAssetId,speaker,ja,zh
sud_vo_system_amao_home_birthday-01,麻央,誕生日おめでとうございます！\nプロデューサー,生日快乐！\n制作人
sud_vo_system_amao_home_cmmn-01,麻央,プロデューサーも、\n困ったら僕を頼ってくださいね。,制作人你也一样，\n遇到困难时就来依靠我吧。
sud_vo_system_amao_home_cmmn-02,麻央,ふーん、近くで舞台があるんだ。\n行ってこようかな。,哦——，附近有舞台演出啊。\n我们去看看吧。
sud_vo_system_amao_home_cmmn-03,麻央,リ、リトルプリンスって呼ぶのは禁止です！,不、不准叫我小王子！
sud_vo_system_amao_home_cmmn-04,麻央,かっこいい王子様は僕の憧れなんです。,帅气的王子一直是我的憧憬。
sud_vo_system_amao_home_cmmn-05,麻央,ことねはちょっと手が焼けますけど、\n悪い子じゃないんです。,虽然琴音有点让人费心，\n但她也不是坏孩子。
sud_vo_system_amao_home_cmmn-06,麻央,格闘技を嗜む者として、技を重んじる心は忘れません。,作为修习格斗技的人，我不会忘记重视招式的心。
sud_vo_system_amao_home_cmmn-07,麻央,昨日相談してくれた子の様子、見てこようかな。,昨天找我商量过的那个孩子的样子，我去看看吧。
sud_vo_system_amao_home_cmmn-08,麻央,寮内トラブルをいさめるのも寮長の仕事なんですよ。,制止宿舍内的纠纷也是宿舍长的工作哦。
sud_vo_system_amao_home_cmmn-09,麻央,可愛い路線はお断りですからね,可爱路线我可敬谢不敏哦。
sud_vo_system_amao_home_cmmn-10,麻央,ひねったほうの腕、傷んだりしてませんか？,扭到的那只手臂，没有伤到吧？
sud_vo_system_amao_home_cmmn-11,麻央,僕の思いをわかってくれた人は、君が初めてです。,第一个理解我心意的，是你。
sud_vo_system_amao_home_cmmn-12,麻央,無敵の王子様系アイドル、まさに理想の姿です！,无敌的王子系偶像，正是理想的姿态！
sud_vo_system_amao_home_cmmn-13,麻央,可愛い系。難しいですね。正解がわかりません。,可爱系啊。好难呢。我不懂什么才是正确答案。
sud_vo_system_amao_home_cmmn-14,麻央,ことねに撮られた写真、広まってないか心配だな。,我有点担心琴音拍的照片有没有传开呢。
sud_vo_system_amao_home_cmmn-15,麻央,これからは堂々と甘いものを食べられます。,从今往后就能堂堂正正地吃甜食了。
sud_vo_system_amao_home_cmmn-16,麻央,可愛いとかっこいいって本当に両立できるんですね,可爱和帅气真的能并存呢。
sud_vo_system_amao_home_cmmn-17,麻央,今度、一緒に怪劇を見に行きませんか？,下次，要一起去看怪剧吗？
sud_vo_system_amao_home_cmmn-18,麻央,あ、呼びましたか？,啊，你叫我吗？
sud_vo_system_amao_home_cmmn-19,麻央,何かお困りですか？,遇到什么麻烦了吗？
sud_vo_system_amao_home_cmmn-20,麻央,学園生活も長いですからね,学园生活也很长呢。
sud_vo_system_amao_home_cmmn-21,麻央,プロデューサーも一緒に話しませんか？,制作人也一起来聊聊吗？
sud_vo_system_amao_home_cmmn-22,麻央,僕らしい格好可愛さ見せてきます！,我会展现出符合我风格的帅气可爱！
sud_vo_system_amao_home_cmmn-23,麻央,やっぱり本番前は緊張しますね。,果然正式上场前还是会紧张呢。
sud_vo_system_amao_home_cmmn-24,麻央,たまにはゆっくり話すのもいいですね,偶尔慢慢聊一聊也不错呢。
sud_vo_system_amao_home_cmmn-25,麻央,誰に何と言われようと、僕にはなりたい姿があるんです。,不管别人怎么说，我都有想成为的样子。
sud_vo_system_amao_home_cmmn-26,麻央,ありがとう。僕の中の一番星の光を見つけてくれて。,谢谢。谢谢你发现了我心中启明星的光芒。
sud_vo_system_amao_home_cmmn-27,麻央,忘れません。あの日、君と見た舞台からの景色は,我不会忘记。那天和你一起从舞台望去的景色
sud_vo_system_amao_home_cmmn-28,麻央,これからも変わり続ける僕は、そばで見ていてくださいね。,今后也会不断改变的我，请你在身边看着我吧。
sud_vo_system_amao_home_cmmn-29,麻央,今朝はさっきと走ってきたんです。後輩に誘ってもらえると嬉しいですね。,今天早上我小跑了一会儿。能被后辈邀请，我会很开心呢。
sud_vo_system_amao_home_cmmn-30,麻央,プロデューサーも4時に起きて、僕と一緒に走りに行きませんか？,制作人也4点起床，和我一起去跑步吗？
sud_vo_system_amao_home_touch-01,麻央,こら、そんなにしつこいと僕でも怒りますからね,喂，再这么纠缠的话，就算我也会生气的哦。
sud_vo_system_amao_home_touch-02,麻央,そ、そんなにちっと見ないでください。,别、别那么一直盯着我看。
sud_vo_system_amao_home_transition-01,麻央,おはようございます。いい朝ですね、プロデューサー。,早上好。真是个不错的早晨呢，制作人。
sud_vo_system_amao_home_transition-02,麻央,朝だからって、後輩に変な姿は見せられません。,虽说是一大早，也不能让后辈看到我奇怪的样子。
sud_vo_system_amao_home_transition-03,麻央,お昼はいつも後輩たちが誘ってくれるんです。,午饭总是后辈们来邀请我。
sud_vo_system_amao_home_transition-04,麻央,今日の午後は実技が集中してて\n楽しみです,今天下午实训课排得很集中，\n我很期待。
sud_vo_system_amao_home_transition-05,麻央,すみません。頼まれ事をしていて遅れました。,抱歉。因为帮人办事来晚了。
sud_vo_system_amao_home_transition-06,麻央,お、プロデューサー。僕も今来たところです。,哦，制作人。我也刚到。
sud_vo_system_amao_home_transition-07,麻央,ふう、さすがに疲れましたね。プロデューサーもお疲れ様です。,呼，确实有点累了呢。制作人也辛苦了。
sud_vo_system_amao_home_transition-08,麻央,文言まではまだ余裕がありますね。,离门禁时间还早呢。
sud_vo_system_amao_home_transition-09,麻央,明けましておめでとう。今年もよろしくお願いしますね。,新年快乐。今年也请多关照哦。
sud_vo_system_amao_home_transition-10,麻央,バレンタインはいつもいただいてばかりですね。たまには誰かにあげてみたいかな。,情人节我总是在收巧克力呢。偶尔也想试着送给别人看看呢。
sud_vo_system_amao_home_transition-11,麻央,ふふふ\nたまにはいたずらもいいかもしれませんね,呵呵呵\n偶尔恶作剧一下说不定也不错呢。
sud_vo_system_amao_home_transition-12,麻央,寮の教養部に小さなツリーでも飾ろうかな？,在宿舍的教养部装饰一棵小圣诞树吧？
sud_vo_system_amao_home_transition-13,麻央,今年ももう終わりですね。\n一年間ありがとうございました。,今年也快结束了呢。\n这一年非常感谢。
sud_vo_system_amao_home_transition-14,麻央,春は寝坊する子が多いみたいだね,春天好像有很多孩子会睡懒觉呢。
sud_vo_system_amao_home_transition-15,麻央,学園の近くにもたくさんお花見スポットがあるんですよ。,学园附近也有许多赏花的好地方哦。
sud_vo_system_amao_home_transition-16,麻央,夜桜を見れるのは、見回りを任されたものの特権ですね。,能看到夜樱，是受命巡逻之人的特权呢。
sud_vo_system_amao_home_transition-17,麻央,そろそろジャケットは厚そうですね。,差不多该穿厚外套了呢。
sud_vo_system_amao_home_transition-18,麻央,霊感タオルか。応急処置にも使えそうだな。,冷感毛巾啊。好像也能用来应急处理呢。
sud_vo_system_amao_home_transition-19,麻央,みんな頑張り屋ですから、熱中症が心配です。,大家都很努力，所以担心中暑。
sud_vo_system_amao_home_transition-20,麻央,秋って甘いもののペアが多いよな,秋天甜食的搭配很多啊。
sud_vo_system_amao_home_transition-21,麻央,お月見、揉みしかり。寮でも何か企画してみようかな？,赏月啊，真让人期待呢。宿舍里要不要也策划点什么活动呢？
sud_vo_system_amao_home_transition-22,麻央,おもがえの季節ですね。結構な大仕事になりそうです。,又到了换季整理衣物的时节呢。看来会是个不小的工程。
sud_vo_system_amao_home_transition-23,麻央,可愛いアウターも買っておこうかな,要不要也买件可爱的外套呢。
sud_vo_system_amao_home_transition-24,麻央,先輩として、寒さに負ける姿は見せられません！,作为前辈，可不能让大家看到我输给寒冷的样子！
sud_vo_system_amao_home_transition-25,麻央,冬期たりなば、春と大辛じ。どんなにつらくてもくじけません。,寒冬已至，春天也就不远了。不管多么辛苦，我都不会气馁。
sud_vo_system_atbm_home_birthday-01,燕,一応言っとく。誕生日おめでとう。,我先说一句。生日快乐。
sud_vo_system_atbm_home_cmmn-01,燕,貴様の挑発に毎度乗ってやるつもりはないからな！,我可没打算每次都奉陪你这家伙的挑衅！
sud_vo_system_atbm_home_cmmn-02,燕,少道なら教えてやっても構わんぞ。,想学点门道的话，我也可以教你。
sud_vo_system_atbm_home_cmmn-03,燕,佑芽と出会ってから、思い通りにならんことばかりだ。,自从遇到佑芽，就尽是些不如意的事。
sud_vo_system_atbm_home_cmmn-04,燕,十王セナのライバルはこの私だ！,十王星南的对手是我！
sud_vo_system_atbm_home_cmmn-05,燕,姫崎だけは、なぜか私をつばめちゃんなどと呼ぶのだ。,只有姬崎不知为何管我叫小燕。
sud_vo_system_atbm_home_cmmn-06,燕,もっとハードなレッスンでも、私は一向に構わんぞ。,就算是强度更高的训练，我也完全没问题。
sud_vo_system_atbm_home_cmmn-07,燕,後輩たちに生徒会業務を叩き込まねば,必须给后辈们好好灌输学生会业务。
sud_vo_system_atbm_home_cmmn-08,燕,アイドル活動も学業も、セナに負けるつもりはない！,偶像活动也好学业也好，我都不打算输给星南！
sud_vo_system_atbm_home_cmmn-09,燕,自分の言葉には責任を持てよ,要对自己说的话负责。
sud_vo_system_atbm_home_cmmn-10,燕,貴様、本当にまともな人間なのか？,你这家伙，真的是个正常人吗？
sud_vo_system_atbm_home_cmmn-11,燕,勝ち逃げなんて絶対にさせんぞ！,我绝对不会让你赢了就跑！
sud_vo_system_atbm_home_cmmn-12,燕,貴様のやることは信じられんことばかりだ！,你这家伙做的事尽是些让人难以置信的事！
sud_vo_system_atbm_home_cmmn-13,燕,火をつけたからには、わかっているだろうな。,既然点起了火，你应该明白会怎样。
sud_vo_system_atbm_home_cmmn-14,燕,あのポンコツに憧れていたのか、私は。,原来我曾憧憬过那个废物啊。
sud_vo_system_atbm_home_cmmn-15,燕,いつの間にか忘れてしまっていた\n最初の感情は,不知何时已经忘记的\n最初的感情是
sud_vo_system_atbm_home_cmmn-16,燕,また、食事でもするか。たまになら付き合ってやる。,再去吃个饭吧。偶尔一次的话，我就奉陪。
sud_vo_system_atbm_home_cmmn-17,燕,つよきでいろ。貴様は私のプロデューサーなのだからな。,你要一直强势下去。你这家伙可是我的制作人。
sud_vo_system_atbm_home_cmmn-18,燕,何の用だ？\n何の用だ？,有什么事？\n有什么事？
sud_vo_system_atbm_home_cmmn-19,燕,この私に何か文句でもあるのか？,对我有什么不满吗？
sud_vo_system_atbm_home_cmmn-20,燕,貴様とはいろいろ会ったな。,和你这家伙还真是经历了不少啊。
sud_vo_system_atbm_home_cmmn-21,燕,話があるなら聞いてやってもいい,有话说的话，我也可以听听。
sud_vo_system_atbm_home_cmmn-22,燕,今の私の実力を試してやる！,就让你见识见识我现在的实力！
sud_vo_system_atbm_home_cmmn-23,燕,負けてやるつもりはないぞ,我可没打算输给你。
sud_vo_system_atbm_home_cmmn-24,燕,貴様から見て、今の私はどうだ？,在你这家伙看来，现在的我怎么样？
sud_vo_system_atbm_home_cmmn-25,燕,より高みを目指さねばな,得朝着更高的目标前进才行啊。
sud_vo_system_atbm_home_cmmn-29,燕,今朝はさきと走ってきた。習慣にしてもいいかもしれんな。,今天早上和花海一起跑了步。或许当成习惯也不错。
sud_vo_system_atbm_home_cmmn-30,燕,貴様も四時に起きてみたらどうだ？ランニングなら付き合うぞ。,你这家伙也试试四点起床怎么样？要跑步的话，我奉陪。
sud_vo_system_atbm_home_touch-01,燕,さっきから何なのだ、貴様は！,从刚才起你这家伙是怎么回事！
sud_vo_system_atbm_home_touch-02,燕,いい加減にしろ！,给我适可而止！
sud_vo_system_atbm_home_transition-01,燕,目は覚めたか、プロデューサー。,清醒了吗，制作人。
sud_vo_system_atbm_home_transition-02,燕,今日も予定通りにレッスンをこなすぞ！,今天也按计划完成训练！
sud_vo_system_atbm_home_transition-03,燕,貴様、食事はちゃんと取っているんだろうな。,你这家伙，有在好好吃饭吧。
sud_vo_system_atbm_home_transition-04,燕,時間があるときに、授業の振り返りをせねばな。,有空的时候得复习课程啊。
sud_vo_system_atbm_home_transition-05,燕,さあ、牙を研ぐ時間だ。,来吧，该磨砺爪牙了。
sud_vo_system_atbm_home_transition-06,燕,わかっているだろうが、ゆっくりしている時間はないぞ。,你应该清楚，没有时间可以慢慢来。
sud_vo_system_atbm_home_transition-07,燕,そろそろ帰るか。貴様も今日はゆっくり休め。,差不多该回去了。你今天也给我好好休息。
sud_vo_system_atbm_home_transition-08,燕,私はまだいけるが、貴様はどうだ？,我还挺得住，你这家伙怎么样？
sud_vo_system_atbm_home_transition-09,燕,明けましておめでとう。今年もよろしく頼む。,新年快乐。今年也请多关照。
sud_vo_system_atbm_home_transition-10,燕,そんなにチョコレートが欲しいなら、くれてやってもいい,那么想要巧克力的话，我也可以给你。
sud_vo_system_atbm_home_transition-11,燕,私にいたずらをするなんて、許さんからな！,竟敢对我恶作剧，我可不会原谅你！
sud_vo_system_atbm_home_transition-12,燕,クリスマスプレゼントを...\n貴様も欲しいのか？,圣诞礼物……\n你这家伙也想要吗？
sud_vo_system_atbm_home_transition-13,燕,いろいろあったが、今年は世話になったな。,虽然发生了很多事，但今年承蒙关照了。
sud_vo_system_atbm_home_transition-14,燕,春はどういつもこいつもぼんやりしていていかん。,一到春天，这帮家伙一个个都犯迷糊，真不像话。
sud_vo_system_atbm_home_transition-15,燕,風の心配なく、外でレッスンができる季節になったな。,到了不用担心受风、可以在户外训练的季节了。
sud_vo_system_atbm_home_transition-16,燕,たまには花見を楽しむのも風流というものだ。,偶尔享受一下赏花，也别有一番情趣。
sud_vo_system_atbm_home_transition-17,燕,夏の暑さになど、負けるつもりはないぞ！,区区夏季的炎热，我可不打算认输！
sud_vo_system_atbm_home_transition-18,燕,おい、水分補給はしっかりしているか？,喂，有在好好补充水分吗？
sud_vo_system_atbm_home_transition-19,燕,この時期は、何をしても汗をかくな。,这阵子，真是做什么都会出汗啊。
sud_vo_system_atbm_home_transition-20,燕,食欲の秋？\n私にとっては春夏秋冬レッスンの季節だ。,食欲之秋？\n对我来说春夏秋冬都是训练的季节。
sud_vo_system_atbm_home_transition-21,燕,生徒会の後輩どもに勉強させねばならんな,必须让学生会的后辈们好好学习
sud_vo_system_atbm_home_transition-22,燕,学園の周りの山も紅葉で色づいてくる頃か,学院周围的山也快到被红叶染色的时节了。
sud_vo_system_atbm_home_transition-23,燕,日々鍛えていれば風など引かん,每天锻炼的话就不会感冒。
sud_vo_system_atbm_home_transition-24,燕,冷くて起きられないなどと甘いことを抜かすなよ,别说什么冷得起不来这种天真的话。
sud_vo_system_atbm_home_transition-25,燕,貴様も一緒に鍛えるか。風邪を引かれても困るからな。,你这家伙也一起锻炼吗？你要是感冒了我也麻烦。
sud_vo_system_cidol-amao-3-000_home_cmmn-01,麻央,みんなが支えてくれるから、蛍石みたいに光れるんです。,正因为有大家支持，我才能像萤石一样发光。
sud_vo_system_cidol-amao-3-000_home_cmmn-02,麻央,可愛くてかっこいい。僕の曲、憧れへの道しるべみたいですね。,既可爱又帅气。我的歌，就像是指向憧憬的路标呢。
sud_vo_system_cidol-amao-3-000_home_cmmn-03,麻央,おたるいし。プロデューサーにはそう見えてるんですね。,小樽石。制作人眼里我是那样的啊。
sud_vo_system_cidol-amao-3-001_home_cmmn-01,麻央,プロデューサーは夏にしたいことありますか？,制作人有什么夏天想做的事吗？
sud_vo_system_cidol-amao-3-001_home_cmmn-02,麻央,夏はみんな浮かれがちですから、量も賑やかになりそうですね。,夏天大家容易心浮气躁，宿舍也会变得很热闹呢。
sud_vo_system_cidol-amao-3-001_home_cmmn-03,麻央,せっかくなら思い出に残る夏にしたいですね。,既然好不容易，就让这个夏天留下回忆吧。
sud_vo_system_cidol-amao-3-002_home_cmmn-01,麻央,そのままでいいって、みんなの背中を押してあげたいです。,我想告诉大家“保持现在的样子就好”，在背后推他们一把。
sud_vo_system_cidol-amao-3-002_home_cmmn-02,麻央,この曲で思いっきり輝けるのが楽しみです,很期待能在这首歌里尽情闪耀。
sud_vo_system_cidol-amao-3-002_home_cmmn-03,麻央,みんなをときめかせたいですね,想让大家心动呢。
sud_vo_system_cidol-amao-3-003_home_cmmn-01,麻央,夏祭り行きたいですね。\n片抜きなら自信がありますよ。,好想去夏日祭典啊。\n抠糖饼我可是很有自信的哦。
sud_vo_system_cidol-amao-3-003_home_cmmn-02,麻央,暑い季節は不審者が増えるし、寮生に注意喚起しないと。,炎热季节可疑人物会变多，得提醒住宿舍的大家注意才行。
sud_vo_system_cidol-amao-3-003_home_cmmn-03,麻央,花火って、見てるとちょっと切ない気持ちになりますよね。,烟花啊，看着看着会有点感伤呢。
sud_vo_system_cidol-amao-3-005_home_cmmn-01,麻央,一番かっこいいお化けって何だと思いますか？,你觉得最帅的妖怪是什么？
sud_vo_system_cidol-amao-3-005_home_cmmn-02,麻央,[笑]\n僕だっていたずらされたらやり返しますよ。,[笑]\n要是有人对我恶作剧，我也会还回去的哦。
sud_vo_system_cidol-amao-3-005_home_cmmn-03,麻央,ハロウィンか。\nリョウの子たちにお菓子を用意しておこう。,万圣节啊。\n给宿舍的孩子们准备些点心吧。
sud_vo_system_cidol-amao-3-006_home_cmmn-01,麻央,クリスマスパーティーに参加するときはエスコートしますよ,参加圣诞派对时，我会负责护送你哦。
sud_vo_system_cidol-amao-3-006_home_cmmn-02,麻央,プロデューサーならどんなプレゼントが嬉しいですか？,制作人的话，收到什么礼物会开心呢？
sud_vo_system_cidol-amao-3-006_home_cmmn-03,麻央,雪が積もったら、寮の雪かき頑張らないとですね。,如果积雪了，得努力铲宿舍的雪呢。
sud_vo_system_cidol-amao-3-007_home_cmmn-01,麻央,今度は誰にも似てない僕らしい王子様に,这次要成为不像任何人、只像自己的王子。
sud_vo_system_cidol-amao-3-007_home_cmmn-02,麻央,形は変わっても、僕の目指す憧れは変わりません。,即使形式改变了，我追求的理想也不会变。
sud_vo_system_cidol-amao-3-007_home_cmmn-03,麻央,かっこいい先輩の姿は後輩にも見せてあげたいですね,帅气前辈的样子，我也想给后辈们看看呢。
sud_vo_system_cidol-amao-3-008_home_cmmn-01,麻央,プロデューサーはチョコレートって好きですか？,制作人喜欢巧克力吗？
sud_vo_system_cidol-amao-3-008_home_cmmn-02,麻央,お世話になってる人ならやっぱり\nお、なんでもないです。,如果是承蒙照顾的人，果然还是\n啊，没什么。
sud_vo_system_cidol-amao-3-008_home_cmmn-03,麻央,チョコは好きなので、もらえるの、実は結構嬉しいんです。,我很喜欢巧克力，所以能收到，其实挺开心的。
sud_vo_system_cidol-amao-3-009_home_cmmn-01,麻央,ハルが近づいてくると気持ちも明るくなる気がします。,春天临近时，感觉心情也会变得明朗起来。
sud_vo_system_cidol-amao-3-009_home_cmmn-02,麻央,良から見える気も、つぼみが膨らんでくるころですね。,枝头的树木，也到了花蕾鼓胀起来的时节呢。
sud_vo_system_cidol-amao-3-009_home_cmmn-03,麻央,春が来たら、いちごのスイーツ食べに行きませんか？,等春天来了，要不要一起去吃草莓甜点？
sud_vo_system_cidol-amao-3-010_home_cmmn-01,麻央,新気一転。新しいことに挑戦したくなる季節ですね。,心情焕然一新。到了想挑战新事物的季节呢。
sud_vo_system_cidol-amao-3-010_home_cmmn-02,麻央,桜よりも僕を見てもらえるように頑張りますよ,我会努力让大家比起樱花更多地看着我。
sud_vo_system_cidol-amao-3-010_home_cmmn-03,麻央,桜がきれいに見える秘密の場所。\n一緒に行きませんか？,有个能欣赏到美丽樱花的秘密地方。\n要不要一起去看看？
sud_vo_system_cidol-amao-3-011_home_cmmn-01,麻央,発星学園の一員として、しっかり盛り上げてきますよ！,作为初星学园的一员，我会好好炒热气氛的！
sud_vo_system_cidol-amao-3-011_home_cmmn-02,麻央,困っているお客さんがいたら、僕が力になりたいです。,如果有遇到困难的客人，我想成为他们的力量。
sud_vo_system_cidol-amao-3-011_home_cmmn-03,麻央,男の人同士でこんな…\nう…いえ、何も見てません！,男人和男人之间竟然……\n呜……不，我什么都没看到！
sud_vo_system_cidol-amao-3-012_home_cmmn-01,麻央,何もかも解き放って、僕のすべてで戦ってきます！,我会解放一切，用我的全部去战斗！
sud_vo_system_cidol-amao-3-012_home_cmmn-02,麻央,みんなの目を僕が奪い尽くすくらいの気持ちでいきますよ,我会带着把大家的目光全部夺走的气势去做哦。
sud_vo_system_cidol-amao-3-012_home_cmmn-03,麻央,カッコいい僕を全力で見せられそうで、燃えますね！,能全力展现出帅气的我，真让人热血沸腾呢！
sud_vo_system_cidol-amao-3-013_home_cmmn-01,麻央,今の僕を見せられるのは、前に進んできたからですね。,之所以能展现出现在的我，是因为一路前进过来了呢。
sud_vo_system_cidol-amao-3-013_home_cmmn-02,麻央,おぼろ時代の話を聞かれるのは恥ずかしいです。,被人问起青涩时期的事，挺不好意思的。
sud_vo_system_cidol-amao-3-013_home_cmmn-03,麻央,さあ、プロデューサーも僕に続いて\nなんでやねん！,来吧，制作人也跟着我来\n搞什么啊！
sud_vo_system_cidol-amao-3-014_home_cmmn-01,麻央,これまでのすべてを糧にして、突き進みます！,把至今为止的一切化为食粮，向前突进！
sud_vo_system_cidol-amao-3-014_home_cmmn-02,麻央,がむしゃらに頑張る日々は青春って感じがしますよね？,不顾一切努力的日子，很有青春的感觉对吧？
sud_vo_system_cidol-amao-3-014_home_cmmn-03,麻央,僕とみんなへの応援歌だと思って、全力で歌いますよ！,我会把它当作献给我和大家的应援歌，用尽全力去唱！
sud_vo_system_cidol-amao-3-015_home_cmmn-01,麻央,見てください。今の僕は,请看着我。如今的我
sud_vo_system_cidol-amao-3-015_home_cmmn-02,麻央,僕が傘を忘れた時は、またエスコートしてくださいね。,我忘带伞的时候，请再来护送我哦。
sud_vo_system_cidol-amao-3-015_home_cmmn-03,麻央,何度でも僕に惚れ直してもらいますから,我会让你无论多少次都重新迷上我的。
sud_vo_system_cidol-amao-3-016_home_cmmn-01,麻央,僕がみんなをユートピアへ連れていきます！,我会带大家去乌托邦！
sud_vo_system_cidol-amao-3-016_home_cmmn-02,麻央,全員僕の虜にしますから、覚悟してくださいね！,我会让所有人都成为我的俘虏，请做好觉悟哦！
sud_vo_system_cidol-amao-3-016_home_cmmn-03,麻央,ダンスホールまで僕がエスコートしましょうか？,到舞厅这段路，由我来护送你吧？
sud_vo_system_cidol-amao-3-017_home_cmmn-01,麻央,今度は莉波とふたりでスポットライトを浴びてきます！,下次我要和莉波一起沐浴在聚光灯下！
sud_vo_system_cidol-amao-3-017_home_cmmn-02,麻央,プロデューサーにいたずらするのも結構楽しいですね,对制作人恶作剧也挺有趣的呢。
sud_vo_system_cidol-amao-3-017_home_cmmn-03,麻央,一目惚れとか、急に言うのはずるいですよ。,突然说什么一见钟情，太赖皮了哦。
sud_vo_system_cidol-amao-3-018_home_cmmn-01,麻央,今後のこと、不安もあるけど楽しみです。,今后的事虽然也有不安，但很期待。
sud_vo_system_cidol-amao-3-018_home_cmmn-02,麻央,あと少しで、この学園からプロの世界に飛び立つんですね。,再过不久，就要从这所学园飞向职业舞台了呢。
sud_vo_system_cidol-amao-3-018_home_cmmn-03,麻央,明けの一番星\n僕もあんな風に輝いてますか？,黎明时的启明星\n我也有像那样闪耀吗？
sud_vo_system_cidol-amao-3-020_home_cmmn-01,麻央,アイドルの先輩への敬意を持って大事に歌わないと,得怀着对偶像前辈的敬意，好好地唱出来才行。
sud_vo_system_cidol-amao-3-020_home_cmmn-02,麻央,自分の道を進めて、逆に背中を押してもらった気分です。,能够走自己的路，反而觉得是被人推着向前。
sud_vo_system_cidol-amao-3-020_home_cmmn-03,麻央,僕もなってみせますよ。\n一番大好きだと思える僕に。,我也会做给你看。\n成为那个自己最喜欢的我。
sud_vo_system_cidol-amao-3-021_home_cmmn-01,麻央,恋の曲を歌うのって、ちょっとドキドキしますね。,唱恋爱歌曲，还真有点让人心跳加速呢。
sud_vo_system_cidol-amao-3-021_home_cmmn-02,麻央,時間が止まってほしいって気持ち、わかる気がします。,希望时间停止的心情，我好像能理解。
sud_vo_system_cidol-amao-3-021_home_cmmn-03,麻央,僕も君と夏の思い出を作りたいです,我也想和你创造夏天的回忆。
sud_vo_system_cidol-amao-3-022_home_cmmn-01,麻央,僕も小悪魔らしく振る舞ってみようかな,我也试着表现得像个小恶魔吧。
sud_vo_system_cidol-amao-3-022_home_cmmn-02,麻央,みんなの心を僕が奪ってみせますよ,我会把大家的心都夺过来给你看哦。
sud_vo_system_cidol-amao-3-022_home_cmmn-03,麻央,[笑]\n抵抗は無駄ですよ,[笑]\n抵抗是徒劳的哦。
sud_vo_system_cidol-atbm-3-000_home_cmmn-01,燕,全力で歌ってやろう\n積年の思いを込めて,我会全力歌唱\n倾注积年的心意。
sud_vo_system_cidol-atbm-3-000_home_cmmn-02,燕,私が悪役？\n上等だ。やってやろうじゃないか。,我是反派？\n正合我意，我就当给你看。
sud_vo_system_cidol-atbm-3-000_home_cmmn-03,燕,覚悟ならとうにできている\n私についてこい！,觉悟我早就做好了\n跟我来！
sud_vo_system_cidol-atbm-3-001_home_cmmn-01,燕,海か。トレーニングがてら。人泳ぎするのも悪くないな。,大海吗。当作训练，游个泳也不错。
sud_vo_system_cidol-atbm-3-001_home_cmmn-02,燕,夏といえば強化合宿だが、何かプランはあるか？,说到夏天就是强化合宿，你有什么计划吗？
sud_vo_system_cidol-atbm-3-001_home_cmmn-03,燕,私がハメを外した姿など、見せるわけがないだろ！,我玩疯的样子，怎么可能让你看到！
sud_vo_system_cidol-atbm-3-002_home_cmmn-01,燕,貴様も夏祭りなどという浮かれた行事に参加したいのか？,你这家伙也想参加夏日祭那种闹腾的活动吗？
sud_vo_system_cidol-atbm-3-002_home_cmmn-02,燕,祭りでハメを外した生徒を取り締まるのも、生徒会の仕事だ。,管束在祭典上玩过头的学生，也是学生会的工作。
sud_vo_system_cidol-atbm-3-002_home_cmmn-03,燕,花火を見に行くなら、浴衣を着るのも悪くないか。,要去看烟花的话，穿浴衣倒也不错。
sud_vo_system_cidol-atbm-3-003_home_cmmn-01,燕,いたずらかかし。貴様ならどちらを取る？,恶作剧还是点心？换作你这家伙会选哪个？
sud_vo_system_cidol-atbm-3-003_home_cmmn-02,燕,参考までに、どんな仮装が恐ろしいと思うか言ってみろ！,作为参考，说说看你觉得什么样的变装吓人！
sud_vo_system_cidol-atbm-3-003_home_cmmn-03,燕,注目してやる\n歌詞を用意しておいた方が身のためだぞ,我会看着你的\n把歌词准备好，对你才是上策
sud_vo_system_cidol-atbm-3-004_home_cmmn-01,燕,貴様はクリスマスに予定など入れていないだろうな。,你这家伙，圣诞节没安排什么计划吧。
sud_vo_system_cidol-atbm-3-004_home_cmmn-02,燕,クリスマスも私と過ごすつもりか。もう、この漫画,圣诞节也打算和我一起过吗。真是的，这本漫画
sud_vo_system_cidol-atbm-3-004_home_cmmn-03,燕,雪の中でのライブか。不正があっていいかもしれんな。,雪中演唱会吗。不合常规或许也不错。
sud_vo_system_cidol-atbm-3-005_home_cmmn-01,燕,バレンタイン。貴様も期待しているわけでは終わるまいな。,情人节。你这家伙该不会也在期待吧。
sud_vo_system_cidol-atbm-3-005_home_cmmn-02,燕,日頃世話になってる奴に礼をするにはいい機会か…\n…こ…,这是向平时关照我的家伙道谢的好机会吗…\n…这…
sud_vo_system_cidol-atbm-3-005_home_cmmn-03,燕,私の菓子作りの腕が気になるなら、見せてやってもいいか？,如果你在意我做点心的手艺，我也可以露一手？
sud_vo_system_cidol-atbm-3-006_home_cmmn-01,燕,そろそろ家にひな人形が飾られる時期か。,差不多到了家里该摆出女儿节人偶的时节了。
sud_vo_system_cidol-atbm-3-006_home_cmmn-02,燕,温かくなってきたからといって油断するな。風邪を引くぞ。\n風邪を引くぞ。,别因为天气转暖就大意。会感冒的。\n会感冒的。
sud_vo_system_cidol-atbm-3-006_home_cmmn-03,燕,春に向けて新しい目標を立てる頃合いだな,是时候为春天立下新目标了。
sud_vo_system_cidol-atbm-3-007_home_cmmn-01,燕,やはり花見は静かな場所でするに限る。,赏花果然还是得在安静的地方。
sud_vo_system_cidol-atbm-3-007_home_cmmn-02,燕,花見にいい場所がある。特別に教えてやってもいいぞ。,有个赏花的好地方。特别告诉你也无妨。
sud_vo_system_cidol-atbm-3-007_home_cmmn-03,燕,櫻の時期になると入学したばかりの頃を思い出すな,一到樱花时节，就会想起刚入学那会儿。
sud_vo_system_cidol-atbm-3-008_home_cmmn-01,燕,店員としての役割、必ずや果たしてみせよう！,作为店员，我一定会好好履行这份职责给你看！
sud_vo_system_cidol-atbm-3-008_home_cmmn-02,燕,余周は重要どころの\nいくつかアニメを見ておくか。,这周把几部重点动画看了吧。
sud_vo_system_cidol-atbm-3-008_home_cmmn-03,燕,初星学園の生徒として、恥じない働きをせねばならんな。,作为初星学园的学生，必须做出不丢脸的表现。
sud_vo_system_cidol-atbm-3-009_home_cmmn-01,燕,燃え滾る熱い思いをすべて\nこの歌に込めて歌ってやる！,把燃烧沸腾的炽热心意\n全部倾注在这首歌里唱出来！
sud_vo_system_cidol-atbm-3-009_home_cmmn-02,燕,これ以上抑えられそうにない勝利への活望は！,对胜利的渴望，已经再也无法抑制！
sud_vo_system_cidol-atbm-3-009_home_cmmn-03,燕,この曲を歌うと、どうしようもなく高ぶってくるな。,一唱这首歌，就会止不住地亢奋起来。
sud_vo_system_cidol-atbm-3-012_home_cmmn-01,燕,誰が相手だろうと、叩き潰してやる！,不管对手是谁，我都会统统击溃！
sud_vo_system_cidol-atbm-3-012_home_cmmn-02,燕,証明してやろう。私は誰もが焦がれるアイドルだと！,我会证明的。我正是人人憧憬的偶像！
sud_vo_system_cidol-atbm-3-012_home_cmmn-03,燕,他の奴になど負けられん。私はあいつに挑むのだからな。,我绝不会输给其他人。我可是要向那家伙挑战的。
sud_vo_system_cidol-atbm-3-013_home_cmmn-01,燕,この私が会場中を揺らしてやる,就让我来震撼整个会场！
sud_vo_system_cidol-atbm-3-013_home_cmmn-02,燕,佑芽と葉羽様というアイドルの姿を両目に刻み込んでやらねばな,必须把佑芽和叶羽大人这两个偶像的身姿刻进眼里。
sud_vo_system_cidol-atbm-3-013_home_cmmn-03,燕,その場のすべてを飲み込む勢いで行くぞ！,以吞没全场一切的气势上吧！
sud_vo_system_cidol-atbm-3-016_home_cmmn-01,燕,あの曲を歌える日が来るとは、思っても見なかったぞ。,能唱那首歌的日子会到来，我以前想都没想过。
sud_vo_system_cidol-atbm-3-016_home_cmmn-02,燕,アイドルの先輩への敬意を持って挑まねばな,得带着对偶像前辈的敬意去挑战才行。
sud_vo_system_cidol-atbm-3-016_home_cmmn-03,燕,見せてやら！\n甘やつばめだけの五枚目を！,就让你见识见识！\n只有甘燕才有的第五张！
sud_vo_system_cidol-atbm-3-017_home_cmmn-01,燕,恋の曲はあまり歌わないが、歌いこなしてみせるぞ！,恋爱歌曲我虽不常唱，但我会唱好给你看的！
sud_vo_system_cidol-atbm-3-017_home_cmmn-02,燕,たまにはどこかに出かけて羽根を伸ばすのも悪くないか,偶尔出门去什么地方放松一下，倒也不错吧。
sud_vo_system_cidol-atbm-3-017_home_cmmn-03,燕,貴様は、その...恋はしたことはあるのか？,你这家伙，那个……你谈过恋爱吗？
sud_vo_system_cidol-atbm-3-018_home_cmmn-01,燕,この私が皆の心に火をつけてやる！,就让我来点燃所有人的心！
sud_vo_system_cidol-atbm-3-018_home_cmmn-02,燕,貴様も私のファンだからな。期待には応えよ。,你这家伙也是我的粉丝，所以要回应我的期待。
sud_vo_system_cidol-atbm-3-018_home_cmmn-03,燕,私なりの愛を込めてぶちのめしてやろう,就让我用我自己的爱，把你彻底打垮！
sud_vo_system_cidol-atbm-3-019_home_cmmn-01,燕,貴様もこの私の虜にしてやる！,你这家伙，我也要让你成为我的俘虏！
sud_vo_system_cidol-atbm-3-019_home_cmmn-02,燕,小悪魔らしい振る舞いというのは、なかなか難しいな。,要表现得像个小恶魔，还真挺难。
sud_vo_system_cidol-atbm-3-019_home_cmmn-03,燕,このようなシャレた楽曲は、歌いがいがあっていい。,这种别致的曲子，唱起来很有价值，真不错。
sud_vo_system_cidol-fktn-3-000_home_cmmn-01,ことね,アイドルって瞬きまで\n見られてるんですね,偶像真是连眨个眼\n都会被一直看着呢...
sud_vo_system_cidol-fktn-3-000_home_cmmn-02,ことね,初めての曲、\nめっちゃ大事にします！,第一首歌，\n我会好好珍惜的！
sud_vo_system_cidol-fktn-3-000_home_cmmn-03,ことね,世界中に私の可愛さ\nアピールしてきまーす！,我要去向全世界\n展示我的可爱啦——！
sud_vo_system_cidol-fktn-3-001_home_cmmn-01,ことね,エゴサ、やめられないんです！,自搜真的没法停下来啊...！
sud_vo_system_cidol-fktn-3-001_home_cmmn-02,ことね,やっぱ私、ステージに\n立ってる瞬間が大好き！,果然，我最喜欢的是\n站在舞台上的那一刻！
sud_vo_system_cidol-fktn-3-001_home_cmmn-03,ことね,ライブが近くなると、\nドキドキとワクワクが！,每当演唱会临近，\n我就心跳加速、兴奋不已！
sud_vo_system_cidol-fktn-3-002_home_cmmn-01,ことね,お金持ちになったら、出店全制覇とかしてみたいな～,等我有钱了，真想把所有小摊都打卡一遍啊～
sud_vo_system_cidol-fktn-3-002_home_cmmn-02,ことね,ちびどもとお祭り行くなら、バイト頑張らないとですね！,要和小家伙们去祭典的话，得努力打工才行呢！
sud_vo_system_cidol-fktn-3-002_home_cmmn-03,ことね,寮生活はエアコン代を気にせずに済んで最高です！,宿舍生活可以不用在意空调电费，真是太棒了！
sud_vo_system_cidol-fktn-3-003_home_cmmn-01,ことね,夏は短期バイトがいろいろあるんですよね,夏天有好多短期工可以打呢...
sud_vo_system_cidol-fktn-3-003_home_cmmn-02,ことね,グラビアのお仕事が来たら、ギャラ交渉お願いしますね！,如果有写真集拍摄的工作，报酬的交涉就拜托了哦！
sud_vo_system_cidol-fktn-3-003_home_cmmn-03,ことね,最高の夏にしたいので、おいしいお仕事待ってまーす！,想度过一个最棒的夏天，所以等着好差事上门哦～！
sud_vo_system_cidol-fktn-3-005_home_cmmn-01,ことね,プロデューサーはあたしにどんな仮装をしてほしいです？,制作人希望我扮成什么样的万圣节造型呢？
sud_vo_system_cidol-fktn-3-005_home_cmmn-02,ことね,ちびどもにあげるお菓子、用意しといてやるか！,给小家伙们的糖果，我先准备好吧！
sud_vo_system_cidol-fktn-3-005_home_cmmn-03,ことね,手作りお菓子といたずら、どっちがいいです？,手工点心和恶作剧，你想要哪个？
sud_vo_system_cidol-fktn-3-006_home_cmmn-01,ことね,おいしいお仕事のプレゼント、期待してます！,我期待着你给我份美差当礼物哦！
sud_vo_system_cidol-fktn-3-006_home_cmmn-02,ことね,クリスマス、寂しくないように一緒にいてあげますね！,圣诞节我会陪着你，不会让你孤单的哦！
sud_vo_system_cidol-fktn-3-006_home_cmmn-03,ことね,ちびどものクリスマスプレゼントは何にするかなぁ,给小家伙们的圣诞礼物选什么好呢～
sud_vo_system_cidol-fktn-3-007_home_cmmn-01,ことね,真っ暗だった私の未来、うーんと明るくしますよ！,我会把我曾经黯淡无光的未来，变成一片光明！
sud_vo_system_cidol-fktn-3-007_home_cmmn-02,ことね,もっと私が輝けるように！パワーください！,为了让我能更加闪耀，请给我力量～！
sud_vo_system_cidol-fktn-3-007_home_cmmn-03,ことね,最高のライブをプレゼントしちゃいますから！,我会把最棒的现场作为给你的礼物！
sud_vo_system_cidol-fktn-3-008_home_cmmn-01,ことね,バレンタイン、誰かにもらう予定とか...あります？,情人节...有没有谁打算送你巧克力...之类的呀？
sud_vo_system_cidol-fktn-3-008_home_cmmn-02,ことね,プロデューサーになら、チョコあげてもいいですよ！,是给制作人的话，也不是不可以送你巧克力哦～
sud_vo_system_cidol-fktn-3-008_home_cmmn-03,ことね,ことねちゃん手作りチョコ！楽しみにしててくださいね！,小琴音亲手做的巧克力！请好好期待哦！
sud_vo_system_cidol-fktn-3-009_home_cmmn-01,ことね,ひな祭りはちびどもと折り紙でひな人形を作ってるんです！,女儿节我都会和小家伙们用折纸做雏人偶！
sud_vo_system_cidol-fktn-3-009_home_cmmn-02,ことね,もうすぐ春かー！私のふところもあったかくならないかな？,春天要来了啊～！我的钱袋子是不是也能回暖呢？
sud_vo_system_cidol-fktn-3-009_home_cmmn-03,ことね,春服のことねちゃんとデートしたくないです？,就不想和穿着春装的小琴音去约会吗？
sud_vo_system_cidol-fktn-3-010_home_cmmn-01,ことね,お花見デートしてくれるなら、お弁当を作りますよ！,如果你愿意和我去赏花约会，我就给你做便当哦！
sud_vo_system_cidol-fktn-3-010_home_cmmn-02,ことね,一緒に写真撮りません？\nちびどもに送れよ。ね？,不一起拍张照吗？\n发给小不点们哦。好不好？
sud_vo_system_cidol-fktn-3-010_home_cmmn-03,ことね,桜ばっかり見てないで、私も見てください！,别光看樱花，也请看着我！
sud_vo_system_cidol-fktn-3-011_home_cmmn-01,ことね,今の私で進みます。プロデューサーと一緒に！,我会以现在的我继续前进。和制作人一起！
sud_vo_system_cidol-fktn-3-011_home_cmmn-02,ことね,手回りに歌を教えてもらったら、もっと上達するかな？,如果请手毬教我唱歌，我会不会进步更多呢？
sud_vo_system_cidol-fktn-3-011_home_cmmn-03,ことね,私を選んだ責任、ちゃんと取ってください！,请好好负起选择我的责任！
sud_vo_system_cidol-fktn-3-012_home_cmmn-01,ことね,バイトは慣れてますし、一日定員も頑張ります！,打工我早就习惯了，做一日店员我也会加油的！
sud_vo_system_cidol-fktn-3-012_home_cmmn-02,ことね,私の可愛さで、お店を盛り上げちゃいますよ～！,我要用我的可爱，让店里热闹起来哦～！
sud_vo_system_cidol-fktn-3-012_home_cmmn-03,ことね,ちびどもの見てるアニメもグッズとかあるのかな？,小家伙们看的动画也有周边什么的吗？
sud_vo_system_cidol-fktn-3-013_home_cmmn-01,ことね,えへへー！私めちゃくちゃ愛されちゃってるー！,诶嘿嘿～！我真是超受宠爱的～！
sud_vo_system_cidol-fktn-3-013_home_cmmn-02,ことね,もっともっと証明してください！私が一番だって！,请更多地证明，我才是第一名！
sud_vo_system_cidol-fktn-3-013_home_cmmn-03,ことね,コール練習いきますよ～！シュキシュキ大シュキ～！,要开始练习应援口号喽～！喜欢喜欢超喜欢～！
sud_vo_system_cidol-fktn-3-014_home_cmmn-01,ことね,可愛いだけじゃないことねちゃんを、見せてあげます！,让你见识一下不只是可爱的小琴音！
sud_vo_system_cidol-fktn-3-014_home_cmmn-02,ことね,私の全部をかけるつもりで歌わないとですね,我得抱着赌上全部的打算去唱才行呢。
sud_vo_system_cidol-fktn-3-014_home_cmmn-03,ことね,聞かせてやりますよ！下手くそなりの本気の歌を！,就让你听听吧！就算是笨拙的我，也要唱出认真的歌！
sud_vo_system_cidol-fktn-3-015_home_cmmn-01,ことね,プロデューサーと一緒なら、ずーっと絶好調です！,和制作人在一起的话，我就一直状态绝佳！
sud_vo_system_cidol-fktn-3-015_home_cmmn-02,ことね,ことねちゃんの最強スマイルは、\nどかくつきますよ～！,小琴音的最强笑容，\n会紧紧黏住你哦～！
sud_vo_system_cidol-fktn-3-015_home_cmmn-03,ことね,プロデューサーと出会ってから、ミラクルばっかりです！,自从和制作人相遇后，就全是奇迹！
sud_vo_system_cidol-fktn-3-016_home_cmmn-01,ことね,不安も悩みも消してくれる人がいるから、頑張ります！,因为有人能帮我消除不安和烦恼，所以我会加油的！
sud_vo_system_cidol-fktn-3-016_home_cmmn-02,ことね,私のいいところ、もっとたくさん見つけてほしいなあ！,希望你再多发现一些我的优点啊！
sud_vo_system_cidol-fktn-3-016_home_cmmn-03,ことね,落ち込んでるときは、うーんと甘い慰めをお願いしますね！,心情低落的时候，请给我超级甜蜜的安慰哦！
sud_vo_system_cidol-fktn-3-017_home_cmmn-01,ことね,最高に楽しい時間、終わらせてなんてあげません！,最快乐的时光，我才不会让它结束呢！
sud_vo_system_cidol-fktn-3-017_home_cmmn-02,ことね,プロデューサーも私と踊ってくれますよね？,制作人也会和我一起跳舞的吧？
sud_vo_system_cidol-fktn-3-017_home_cmmn-03,ことね,みんなが狂っちゃうくらい、私の虜にしちゃいますから！,我会把大家迷得神魂颠倒，都成为我的俘虏！
sud_vo_system_cidol-fktn-3-019_home_cmmn-01,ことね,憧れの楽曲を歌えるなんて、こんなことあるんですね！,竟然能唱到自己憧憬的歌曲，真没想到会有这种事！
sud_vo_system_cidol-fktn-3-019_home_cmmn-02,ことね,ナムコプロの話、私もしたいの！聞いてくれます？,我也想聊Namco Pro的话题！你愿意听我说吗？
sud_vo_system_cidol-fktn-3-019_home_cmmn-03,ことね,嬉しいサプライズ！また期待してますね！,好开心的惊喜！我会继续期待的哦！
sud_vo_system_cidol-fktn-3-021_home_cmmn-01,ことね,私もアイスを半分こして食べたりしたいな～なんて,我也好想把冰淇淋一人一半分着吃啊～之类的
sud_vo_system_cidol-fktn-3-021_home_cmmn-02,ことね,私の横顔に見とれちゃってもいいんですよ,就算看我的侧脸看入迷了也没关系哦。
sud_vo_system_cidol-fktn-3-021_home_cmmn-03,ことね,夏の思い出に一緒に海とか行っちゃいます？,作为夏天的回忆，要不要一起去海边之类的地方？
sud_vo_system_cidol-fktn-3-022_home_cmmn-01,ことね,私って超可愛いですし\n小悪魔の才能あるかも,我本来就超可爱，\n说不定还有小恶魔的才能呢
sud_vo_system_cidol-fktn-3-022_home_cmmn-02,ことね,プロデューサーのことも魅了しちゃいますから,我也会把制作人给迷住的哦。
sud_vo_system_cidol-fktn-3-022_home_cmmn-03,ことね,怖くもですから、誘惑しちゃうかもですよ,因为我也挺可怕的，所以说不定会诱惑你哦。
sud_vo_system_cidol-hmsz-3-000_home_cmmn-01,美鈴,壊れてしまったものも、\nすべて取り戻します。,所有已经坏掉的东西，\n我都会全部找回来。
sud_vo_system_cidol-hmsz-3-000_home_cmmn-02,美鈴,迷いでも悩みでも、\n何でも話してください。,无论是迷茫还是烦恼，\n什么都可以跟我说。
sud_vo_system_cidol-hmsz-3-000_home_cmmn-03,美鈴,私は言い続けます。あなたのままでいいと。,我会一直说下去。你保持现在的样子就好。
sud_vo_system_cidol-hmsz-3-001_home_cmmn-01,美鈴,プールサイドでのお昼寝も、\n悪くはありませんね。,在泳池边午睡，\n感觉倒也不错呢。
sud_vo_system_cidol-hmsz-3-001_home_cmmn-02,美鈴,暑い中、頑張る必要はない。\nそう思いませんか？,这么热的天，\n没必要那么勉强自己。\n你不觉得吗？
sud_vo_system_cidol-hmsz-3-001_home_cmmn-03,美鈴,やらしければ、夏バテ防止のお弁当を作ってきましょうか？,如果可以的话，要我做一个防止苦夏的便当带来吗？
sud_vo_system_cidol-hmsz-3-002_home_cmmn-01,美鈴,どこか静かな場所でゆっくり花火を眺めたいですね,真想找个安静的地方悠闲地看烟花呢。
sud_vo_system_cidol-hmsz-3-002_home_cmmn-02,美鈴,暑いですね\n内輪で仰ぎましょうか？,好热啊\n要我用团扇帮您扇扇风吗？
sud_vo_system_cidol-hmsz-3-002_home_cmmn-03,美鈴,夏は日差しが眩しくて、涼しい季節が恋しいです。,夏天的阳光很刺眼，让人怀念凉爽的季节。
sud_vo_system_cidol-hmsz-3-003_home_cmmn-01,美鈴,仮装の準備がまだでしたら、私が手伝いますよ。,如果变装准备还没做的话，我来帮忙哦。
sud_vo_system_cidol-hmsz-3-003_home_cmmn-02,美鈴,ふふふ\nお菓子を作るのでたくさん食べてくださいね,呵呵呵\n我会做点心，请多吃一点哦。
sud_vo_system_cidol-hmsz-3-003_home_cmmn-03,美鈴,横になって目を閉じてください。いたずらをしますから。,请躺下闭上眼睛。因为我要恶作剧了。
sud_vo_system_cidol-hmsz-3-004_home_cmmn-01,美鈴,クリスマスは、予定を空けておいてくださいね。,圣诞节请把日程空出来哦。
sud_vo_system_cidol-hmsz-3-004_home_cmmn-02,美鈴,温かくなるまで、レッスンはお休みにしませんか？,到变暖和之前，要不要暂停训练呢？
sud_vo_system_cidol-hmsz-3-004_home_cmmn-03,美鈴,クリスマスはとっておきのごちそうを用意しましょう,圣诞节我来准备特别的大餐吧。
sud_vo_system_cidol-hmsz-3-005_home_cmmn-01,美鈴,見守っていてください。\n羽田やみすずの下克上を。,请好好看着。\n羽田和美铃的下克上。
sud_vo_system_cidol-hmsz-3-005_home_cmmn-02,美鈴,何もかも全部\n私で塗り潰してみせます,一切的一切\n我都会用我自己来将它涂满给你看。
sud_vo_system_cidol-hmsz-3-005_home_cmmn-03,美鈴,三人で歌っていたあの頃より、今の私はすごいんです。,比起三人一起唱歌的那段时光，现在的我更加厉害。
sud_vo_system_cidol-hmsz-3-006_home_cmmn-01,美鈴,プロデューサーはチョコレートお好きですか？,制作人，您喜欢巧克力吗？
sud_vo_system_cidol-hmsz-3-006_home_cmmn-02,美鈴,バレンタイン楽しみにしていてくださいね。,情人节请好好期待哦。
sud_vo_system_cidol-hmsz-3-006_home_cmmn-03,美鈴,社科作りは毎年していますから、お任せください。,做点心我每年都在做，请交给我吧。
sud_vo_system_cidol-hmsz-3-007_home_cmmn-01,美鈴,ひなわられ、おいしいですよね？,雏霰很好吃吧？
sud_vo_system_cidol-hmsz-3-007_home_cmmn-02,美鈴,春が来たら起こしてください。それまで冬眠します。,春天来了请叫醒我。在那之前我要冬眠。
sud_vo_system_cidol-hmsz-3-007_home_cmmn-03,美鈴,まだ冷えますから、一緒に温かいお茶でもいかがですか？,天气还会冷，要不要一起喝杯热茶什么的？
sud_vo_system_cidol-hmsz-3-008_home_cmmn-01,美鈴,お花見に行きましょう。おいしいお弁当を作りますよ。,去赏花吧。我会做很好吃的便当哦。
sud_vo_system_cidol-hmsz-3-008_home_cmmn-02,美鈴,春の穏やかな道を、のんびり歩くのも悪くありませんね。,在春天平静的小路上悠闲散步，也不坏呢。
sud_vo_system_cidol-hmsz-3-008_home_cmmn-03,美鈴,暖かいと眠くなりますね。一緒にお昼寝しませんか？,一暖和就容易犯困呢。要不要一起午睡？
sud_vo_system_cidol-hmsz-3-009_home_cmmn-01,美鈴,一日店員として、お客様をおもてなしいたしましょう。,作为一日店员，来热情招待客人吧。
sud_vo_system_cidol-hmsz-3-009_home_cmmn-02,美鈴,ご安心を。真面目に働くつもりですよ。,请放心。我会认真工作的。
sud_vo_system_cidol-hmsz-3-009_home_cmmn-03,美鈴,いろんな方のお世話ができると思うと、接客が楽しみです。,一想到能照顾到许多客人，就很期待接待客人。
sud_vo_system_cidol-hmsz-3-010_home_cmmn-01,美鈴,いけませんよ。他の誰かと二人きりになるなんて。,这可不行哦。居然和别人单独相处什么的。
sud_vo_system_cidol-hmsz-3-010_home_cmmn-02,美鈴,ペースは全然違うのに、ゆめさんといるのは楽しいです。,明明步调完全不同，和佑芽同学在一起却很开心。
sud_vo_system_cidol-hmsz-3-010_home_cmmn-03,美鈴,なんて、人と共に歌うなんて、とても素敵な機会ですね。,哎呀，能与人一起唱歌，真是非常棒的机会呢。
sud_vo_system_cidol-hmsz-3-011_home_cmmn-01,美鈴,私の存在を\nみなさんに刻み込みましょう,让我的存在\n铭刻在大家心中吧。
sud_vo_system_cidol-hmsz-3-011_home_cmmn-02,美鈴,激しく心を揺さぶるような\n目の覚める曲ですね,真是震撼心灵\n令人耳目一新的曲子呢。
sud_vo_system_cidol-hmsz-3-011_home_cmmn-03,美鈴,私の歌で全てを変えてみせます,我要用我的歌改变一切给你们看。
sud_vo_system_cidol-hmsz-3-012_home_cmmn-01,美鈴,プロデューサー、コールはお任せしますね。,制作人，应援口号就交给您了哦。
sud_vo_system_cidol-hmsz-3-012_home_cmmn-02,美鈴,皆さんでお昼寝をしたら、きっと楽しくて幸せですよ。,大家一起午睡的话，一定既开心又幸福哦。
sud_vo_system_cidol-hmsz-3-012_home_cmmn-03,美鈴,良い曲\n皆さんの声がたくさん聞けそうです,好曲子\n感觉能听到大家许多的歌声。
sud_vo_system_cidol-hmsz-3-013_home_cmmn-01,美鈴,私なりの精一杯で歌いましょう,让我用我自己的方式竭尽全力去唱吧。
sud_vo_system_cidol-hmsz-3-013_home_cmmn-02,美鈴,頑張る皆さんはたくさん褒めてあげたいです,想好好夸奖努力的大家。
sud_vo_system_cidol-hmsz-3-013_home_cmmn-03,美鈴,頑張り屋さんのあの子を思い出す曲ですね,这首歌会让人想起那个努力的孩子呢。
sud_vo_system_cidol-hmsz-3-014_home_cmmn-01,美鈴,今宵も夢の中でお会いできるのを楽しみにしています。,我期待今晚也能在梦中与您相见。
sud_vo_system_cidol-hmsz-3-014_home_cmmn-02,美鈴,あなたが望むなら、いつだって小森傭を歌ってあげますよ,只要你希望，我随时都可以唱《小森佣》给你听哦。
sud_vo_system_cidol-hmsz-3-014_home_cmmn-03,美鈴,私の夢を見たら、ぜひ教えてくださいね。,如果梦到我了，一定要告诉我哦。
sud_vo_system_cidol-hmsz-3-015_home_cmmn-01,美鈴,皆さんを狂わせてしまいましょう,让大家为我神魂颠倒吧。
sud_vo_system_cidol-hmsz-3-015_home_cmmn-02,美鈴,へへへ\n世界が終わるまでずっと一緒ですよ,嘿嘿嘿\n直到世界终结，我们都要一直在一起哦。
sud_vo_system_cidol-hmsz-3-015_home_cmmn-03,美鈴,私たちの心は通じあっていますよね,我们的心是彼此相通的，对吧。
sud_vo_system_cidol-hmsz-3-016_home_cmmn-01,美鈴,ベールを脱いでいく私をよく見ていてくださいね。,请好好地看着我逐渐揭下面纱哦。
sud_vo_system_cidol-hmsz-3-016_home_cmmn-02,美鈴,全てを包み込んでしまいましょう。あなたのことも。,把一切都包裹进去吧。连你也一起。
sud_vo_system_cidol-hmsz-3-016_home_cmmn-03,美鈴,あなたへの気持ちも浮気になるなら\n困りますね,如果对你的心意也算是花心的话\n那就让人头疼了呢。
sud_vo_system_cidol-hmsz-3-019_home_cmmn-01,美鈴,あの曲を歌わせていただけるなんて\n目が覚めますね,竟然能让我唱那首曲子\n真是令人为之一振呢。
sud_vo_system_cidol-hmsz-3-019_home_cmmn-02,美鈴,どんな曲でも私らしく歌います。,不管什么歌，我都会以自己的方式去唱。
sud_vo_system_cidol-hmsz-3-019_home_cmmn-03,美鈴,佑芽と美鈴はいつだって Go My Way ですよ,佑芽和美铃无论何时都是 Go My Way 哦。
sud_vo_system_cidol-hmsz-3-020_home_cmmn-01,美鈴,私が一番だと信じてくれるなら、今はそれでいいです。,只要你相信我才是第一，现在这样就好。
sud_vo_system_cidol-hmsz-3-020_home_cmmn-02,美鈴,あなたのお頭を\n私でいっぱいにしてほしいのに,明明想让你的脑袋里装满我。
sud_vo_system_cidol-hmsz-3-020_home_cmmn-03,美鈴,あなたが望むなら、また被写体になって差し上げます。,如果你希望，我也可以再当你的拍摄对象。
sud_vo_system_cidol-hmsz-3-021_home_cmmn-01,美鈴,ふふふ\nあなたの心は私のものですよ,呵呵呵\n你的心是属于我的哦。
sud_vo_system_cidol-hmsz-3-021_home_cmmn-02,美鈴,全ての人が私を見てくれないと、満たされません。,要是所有人都不看着我，我可不会满足。
sud_vo_system_cidol-hmsz-3-021_home_cmmn-03,美鈴,小悪魔らしく、大田の道へあなたを誘ってみましょうか。,像个小恶魔一样，邀请你走上大田之路吧。
sud_vo_system_cidol-hrnm-3-000_home_cmmn-01,莉波,恋とかハートとか、深い意味はないから。,恋爱啊爱心啊，没什么深意的。
sud_vo_system_cidol-hrnm-3-000_home_cmmn-02,莉波,やっぱり、ちょっとくらいはみ出す勇気、出さなきゃだよね？,果然，还是得拿出一点勇气，稍微跳出常规才行吧？
sud_vo_system_cidol-hrnm-3-000_home_cmmn-03,莉波,不器用で伝えきれない。すっごくよくわかるなあ。,笨拙得无法好好表达出来。我特别懂这种感觉呢。
sud_vo_system_cidol-hrnm-3-001_home_cmmn-01,莉波,ふふふ\n今年の夏は賑やかになりそうだね！,呵呵呵\n今年的夏天会变得很热闹呢！
sud_vo_system_cidol-hrnm-3-001_home_cmmn-02,莉波,君との夏の思い出も作れたらいいななんて,要是也能和你一起创造夏天的回忆就好了呢，之类的。
sud_vo_system_cidol-hrnm-3-001_home_cmmn-03,莉波,私の夏は特別になる気がするな。\nなんとなくだけど、ね？,我觉得我的夏天会变得特别呢。\n虽然只是莫名这么觉得，对吧？
sud_vo_system_cidol-hrnm-3-002_home_cmmn-01,莉波,お姉さんっぽく歌うなら、もっと余裕が必要かな？,要唱出姐姐的感觉，还需要更多从容吧？
sud_vo_system_cidol-hrnm-3-002_home_cmmn-02,莉波,ねえ、今日は一緒に帰ろっか,哎，今天一起回去吧？
sud_vo_system_cidol-hrnm-3-002_home_cmmn-03,莉波,好きだよ。\n歌詞に気持ちを込める練習。,喜欢哦。\n这是把心情融入歌词的练习。
sud_vo_system_cidol-hrnm-3-003_home_cmmn-01,莉波,浴衣でお祭りなんて、小さい頃思い出しちゃうな,穿着浴衣去祭典什么的，让我想起小时候呢。
sud_vo_system_cidol-hrnm-3-003_home_cmmn-02,莉波,出店って、おいしいものがたくさんあって、迷っちゃうよね？,庙会的小吃摊有好多好吃的，会让人挑花眼吧？
sud_vo_system_cidol-hrnm-3-003_home_cmmn-03,莉波,花火。今年は君と一緒に見に行けたらいいな。,烟花。今年要是能和你一起去看就好了呢。
sud_vo_system_cidol-hrnm-3-004_home_cmmn-01,莉波,温泉に入ると、お肌がすべすべになっていいよね？,泡温泉的话，皮肤会变得滑溜溜的，很不错吧？
sud_vo_system_cidol-hrnm-3-004_home_cmmn-02,莉波,温泉に行きたいって言ったら付き合ってくれる？,如果我说想去温泉，你会陪我去吗？
sud_vo_system_cidol-hrnm-3-004_home_cmmn-03,莉波,ふふふ\n毎日シャワーで済ませてちゃダメだよ,呵呵呵\n每天只冲个澡可不行哦。
sud_vo_system_cidol-hrnm-3-005_home_cmmn-01,莉波,ハロウィンか\n君のお菓子も用意しておくね,万圣节啊\n你的糖果我也会准备好哦。
sud_vo_system_cidol-hrnm-3-005_home_cmmn-02,莉波,ねえ、君はどんな服装が私に似合うと思う？,哎，你觉得我适合什么样的衣服？
sud_vo_system_cidol-hrnm-3-005_home_cmmn-03,莉波,君がどんないたずらをするのか、ちょっと興味あるかも！,你会搞什么样的恶作剧，我可能有点感兴趣呢！
sud_vo_system_cidol-hrnm-3-006_home_cmmn-01,莉波,クリスマスにはケーキでも作っちゃおうかな？,圣诞节要不要做个蛋糕之类的呢？
sud_vo_system_cidol-hrnm-3-006_home_cmmn-02,莉波,いい子の君にはプレゼントがあるかも\nふふふ,乖孩子的你说不定会有礼物哦\n呵呵呵
sud_vo_system_cidol-hrnm-3-006_home_cmmn-03,莉波,もしホワイトクリスマスになったら、素敵だよね？,如果变成白色圣诞节，就太美好了吧？
sud_vo_system_cidol-hrnm-3-007_home_cmmn-01,莉波,逃げないし、負けない。私、戦うよ！,我不会逃，也不会输。我要战斗哦！
sud_vo_system_cidol-hrnm-3-007_home_cmmn-02,莉波,私ね、いつも君に勇気をもらってるよ。,我啊，一直从你那里得到勇气哦。
sud_vo_system_cidol-hrnm-3-007_home_cmmn-03,莉波,弱気になっちゃダメだよね。\n私はお姉さんなもの。,不能变得胆小呢。\n我可是姐姐啊。
sud_vo_system_cidol-hrnm-3-008_home_cmmn-01,莉波,君もバレンタイン楽しみにしてたりするのかな？,你也在期待情人节吗？
sud_vo_system_cidol-hrnm-3-008_home_cmmn-02,莉波,言葉にできない気持ちも全部、ちょこっと歌に込めるよ,无法用言语表达的心情，也全部一点点融进歌里哦。
sud_vo_system_cidol-hrnm-3-008_home_cmmn-03,莉波,君に渡したいものがあるの\nあとで時間\nくれる？,我有想给你的东西\n之后的时间\n能给我一点吗？
sud_vo_system_cidol-hrnm-3-009_home_cmmn-01,莉波,雨祭といえばチラシ寿司！実家でよく食べてたなあ,说到雨祭就是散寿司！我在老家经常吃呢。
sud_vo_system_cidol-hrnm-3-009_home_cmmn-02,莉波,おぼろ服が欲しいなあ\nねえ、君はどういう服が好み？,好想要一件胧服啊\n哎，你喜欢什么样的衣服？
sud_vo_system_cidol-hrnm-3-009_home_cmmn-03,莉波,季節の変わり目だし、風には気をつけないと。だよ。,正赶上换季，得小心别受风了哦。
sud_vo_system_cidol-hrnm-3-010_home_cmmn-01,莉波,そろそろ桜も見頃かなぁ\nねえ、一緒に見に行こっか,樱花也差不多到观赏期了吧\n哎，我们一起去看看吧？
sud_vo_system_cidol-hrnm-3-010_home_cmmn-02,莉波,お花見用のお弁当\n君の好きなお菓子たくさん入れるね,赏花用的便当\n我会放很多你喜欢吃的点心进去哦。
sud_vo_system_cidol-hrnm-3-010_home_cmmn-03,莉波,桜の前で君と一緒に写真撮りたいなって,想和你一起在樱花前拍照呢。
sud_vo_system_cidol-hrnm-3-011_home_cmmn-01,莉波,お客さんに喜んでもらえるように頑張るね,为了让客人开心，我会加油的哦。
sud_vo_system_cidol-hrnm-3-011_home_cmmn-02,莉波,一人一人の目を見て、笑顔で、いらっしゃいません？,要看着每个人的眼睛，带着笑容问“您不来吗？”
sud_vo_system_cidol-hrnm-3-011_home_cmmn-03,莉波,アニメからお姉さんらしさの勉強もできるかも。,也许能从动画里学到怎么更像姐姐呢。
sud_vo_system_cidol-hrnm-3-012_home_cmmn-01,莉波,お姉さんのかっこいいところ、みんなに見せられるかな？,姐姐帅气的一面，能让大家看到吗？
sud_vo_system_cidol-hrnm-3-012_home_cmmn-02,莉波,君が普段見る夢にも、私が出てきたりする？,我也会出现在你平时做的梦里吗？
sud_vo_system_cidol-hrnm-3-012_home_cmmn-03,莉波,別の世界で出会っても、君とアイドルを目指したいな,就算在另一个世界相遇，我也想和你一起以偶像为目标呢。
sud_vo_system_cidol-hrnm-3-013_home_cmmn-01,莉波,リナミお姉さんから君にお知らせします。\nなんてね。,莉波姐姐来向你宣布。\n开玩笑的啦。
sud_vo_system_cidol-hrnm-3-013_home_cmmn-02,莉波,もし迷っても、二人一緒なら大丈夫。\nあの頃みたいに。,就算迷了路，只要两个人在一起就没问题。\n就像那时候一样。
sud_vo_system_cidol-hrnm-3-013_home_cmmn-03,莉波,もし踏み出したら君は\nどう答えてくれる？,如果我迈出那一步，你会\n怎么回应我？
sud_vo_system_cidol-hrnm-3-014_home_cmmn-01,莉波,君の声ももっと聞かせてほしいな,我也想多听听你的声音呢。
sud_vo_system_cidol-hrnm-3-014_home_cmmn-02,莉波,君と一緒にいられる今も、ミラクルなのかも。なんて？,能像现在这样和你在一起，说不定也是奇迹呢。……开玩笑的？
sud_vo_system_cidol-hrnm-3-014_home_cmmn-03,莉波,みんなと一緒に盛り上がれそうな曲で、嬉しいな！,是能和大家一起热闹起来的曲子，好开心呀！
sud_vo_system_cidol-hrnm-3-015_home_cmmn-01,莉波,君がいるから、落ち込んでもまた立ち上がれるんだ！,因为有你在，就算消沉也能重新站起来！
sud_vo_system_cidol-hrnm-3-015_home_cmmn-02,莉波,全力で頑張ろうー！って、莉波お姉さんが応援するよ！,全力以赴加油吧——！莉波姐姐会为你加油哦！
sud_vo_system_cidol-hrnm-3-015_home_cmmn-03,莉波,頑張るみんなの背中を押せるように、歌ってみるね！,为了能推一把努力的大家，我会试着唱哦！
sud_vo_system_cidol-hrnm-3-016_home_cmmn-01,莉波,リナミお姉さんの歌で、みんなをとりこにしちゃうよ。,莉波姐姐的歌声，会把大家都迷倒哦。
sud_vo_system_cidol-hrnm-3-016_home_cmmn-02,莉波,君も一緒に踊ってくれるかな？,你也会一起跳舞吗？
sud_vo_system_cidol-hrnm-3-016_home_cmmn-03,莉波,みんなが終わりたくないって思うような時間にしないとね,得让它成为大家都舍不得结束的时光才行呢。
sud_vo_system_cidol-hrnm-3-017_home_cmmn-01,莉波,今は君の好きな私を見せられてるかな？,现在有让你看到你喜欢的我吗？
sud_vo_system_cidol-hrnm-3-017_home_cmmn-02,莉波,無理はダメだけど、体調が悪い時はまた看病するからね。,虽然不能硬撑，但你身体不舒服的时候我会再照顾你哦。
sud_vo_system_cidol-hrnm-3-017_home_cmmn-03,莉波,私ね、君のお姉さんでいるの、結構好きなんだ。,我啊，还挺喜欢当你的姐姐的。
sud_vo_system_cidol-hrnm-3-018_home_cmmn-01,莉波,見ててね。\nマオと一緒に一番になってくるから。,要看着我哦。\n我会和麻央一起拿下第一名回来的。
sud_vo_system_cidol-hrnm-3-018_home_cmmn-02,莉波,寝不足になっちゃうくらい、いろいろ考えてくれたんだね。,你为我考虑了这么多，都到睡眠不足的地步了呢。
sud_vo_system_cidol-hrnm-3-018_home_cmmn-03,莉波,君とユニットを組んだら、指定ユニットになるのかな？,和你组成组合的话，会不会成为指定组合呢？
sud_vo_system_cidol-hrnm-3-020_home_cmmn-01,莉波,こんなに素敵な曲を歌えるなんて、まだ信じられないよ！,能唱这么出色的歌，我还不敢相信呢！
sud_vo_system_cidol-hrnm-3-020_home_cmmn-02,莉波,聞いてると前向きな気持ちになっていい曲だよね,听了会让人心情变积极，是首好歌呢。
sud_vo_system_cidol-hrnm-3-020_home_cmmn-03,莉波,私もなりたいな。君と私が一番大好きな私に,我也想成为呢，你和我都最喜欢的我。
sud_vo_system_cidol-hrnm-3-021_home_cmmn-01,莉波,切なくて胸がキュッてなる気持ち、わかる気がするなあ,那种难过到胸口一紧的感觉，我好像能懂呢。
sud_vo_system_cidol-hrnm-3-021_home_cmmn-02,莉波,君はずっとそばにいてくれる？なんてね,你会一直陪在我身边吗？开玩笑的啦。
sud_vo_system_cidol-hrnm-3-021_home_cmmn-03,莉波,本当に伝えたい気持ちほど\n伝えられないものだよね,越是真正想传达的心情\n就越是说不出口呢。
sud_vo_system_cidol-hrnm-3-022_home_cmmn-01,莉波,小悪魔なお姉さん、君は好きかな？,小恶魔系的姐姐，你喜欢吗？
sud_vo_system_cidol-hrnm-3-022_home_cmmn-02,莉波,小悪魔らしく誘惑。わ、私も挑戦してみるね。,像小恶魔那样诱惑。我、我也试着挑战一下哦。
sud_vo_system_cidol-hrnm-3-022_home_cmmn-03,莉波,真実の愛、いつか見つけられるといいな、なんて。,真正的爱，要是有一天能找到就好了呢，之类的。
sud_vo_system_cidol-hski-3-000_home_cmmn-01,咲季,私を信じてついてきなさい！,相信我，跟着我来！
sud_vo_system_cidol-hski-3-000_home_cmmn-02,咲季,私にぴったりの曲ね！,这曲子正适合我！
sud_vo_system_cidol-hski-3-000_home_cmmn-03,咲季,頂点まで登り詰めてやるわ！,我一定要攀上顶点！
sud_vo_system_cidol-hski-3-001_home_cmmn-01,咲季,ちょっと、いつまで見てるのよ？,喂，你要看着我多久啊？
sud_vo_system_cidol-hski-3-001_home_cmmn-02,咲季,お弁当の新作ができたの！今度一緒にどう？,我的便当新作品做好了！下次一起尝尝怎么样？
sud_vo_system_cidol-hski-3-001_home_cmmn-03,咲季,後ろなんて振り返らないわ。覚悟を決めたんだもの。,我可不打算回头。因为我已经下定决心了嘛。
sud_vo_system_cidol-hski-3-002_home_cmmn-01,咲季,射的に金魚すくい、わなげ。全部私が勝つわ！,打靶、捞金鱼、套圈，全部我都会赢！
sud_vo_system_cidol-hski-3-002_home_cmmn-02,咲季,夏祭り、今年も梅と行けるかしら？\nふふふ、楽しみね！,夏日祭，今年也能和梅一起去吗？\n呵呵呵，真让人期待呢。
sud_vo_system_cidol-hski-3-002_home_cmmn-03,咲季,先行花火でどっちが長持ちするか勝負しましょう！,用先行烟花来比比谁更持久吧！
sud_vo_system_cidol-hski-3-003_home_cmmn-01,咲季,水中トレーニングにぴったりの季節がやってきたわね！,最适合水中训练的季节来了啊！
sud_vo_system_cidol-hski-3-003_home_cmmn-02,咲季,夏バテ対策にスペシャルドリンクを作ってあげるわよ！,我要给你做预防苦夏的特制饮料！
sud_vo_system_cidol-hski-3-003_home_cmmn-03,咲季,今までで一番暑い夏にするわよ！プロデューサー！,制作人，我们要让今年夏天成为史上最热！
sud_vo_system_cidol-hski-3-005_home_cmmn-01,咲季,この私が一番多くお菓子をもらってみせるわ！,我一定会拿到最多点心给你看！
sud_vo_system_cidol-hski-3-005_home_cmmn-02,咲季,思いっきり脅かしてあげるから、覚悟してなさい！,我会好好吓你一跳，做好觉悟吧！
sud_vo_system_cidol-hski-3-005_home_cmmn-03,咲季,お姉ちゃん特製栄養満点和菓子を用意しないとね！,必须准备好姐姐特制、营养满分的和果子！
sud_vo_system_cidol-hski-3-006_home_cmmn-01,咲季,私が働くからには思いっきり盛り上げるわよ！,既然我要工作，就会全力把气氛炒热！
sud_vo_system_cidol-hski-3-006_home_cmmn-02,咲季,プロデューサー！おすすめのアニメがあれば教えなさい！,制作人！有什么推荐的动画就告诉我！
sud_vo_system_cidol-hski-3-006_home_cmmn-03,咲季,私を一日店長に選ぶなんて、わかってるわよね？,选我当一日店长，你很清楚吧？
sud_vo_system_cidol-hski-3-007_home_cmmn-01,咲季,クリスマスの夜はちゃんと靴下を用意しておくのよ！,圣诞夜要好好准备好袜子哦！
sud_vo_system_cidol-hski-3-007_home_cmmn-02,咲季,クリスマスのご馳走は私に任せなさい！,圣诞大餐就交给我吧！
sud_vo_system_cidol-hski-3-007_home_cmmn-03,咲季,寒いならプロデューサーも一緒に運動しましょう！,觉得冷的话，制作人也一起运动吧！
sud_vo_system_cidol-hski-3-008_home_cmmn-01,咲季,意地と見栄と実力と外付けの勇気で勝ってくるわ！,凭志气、面子、实力和外加的勇气去赢下来！
sud_vo_system_cidol-hski-3-008_home_cmmn-02,咲季,妹とファンとあなたに\n最高の景色を見せてあげる！,我会让妹妹、粉丝和你\n看到最棒的景色！
sud_vo_system_cidol-hski-3-008_home_cmmn-03,咲季,過去の私にも他の誰にも\n一度だって負けられないわ！,无论是过去的我，还是其他任何人，\n我都一次也不会输！
sud_vo_system_cidol-hski-3-009_home_cmmn-01,咲季,プロリューサー！バレンタイン楽しむにしてなさい！,制作人！情人节你就好好期待吧！
sud_vo_system_cidol-hski-3-009_home_cmmn-02,咲季,梅と友達と、あと...\nふふふ、チョコの作りがいがあるわ！,和梅、朋友们，还有……\n呵呵呵，巧克力做得真有劲！
sud_vo_system_cidol-hski-3-009_home_cmmn-03,咲季,もう～\nそんなに私の手作りチョコが食べたいの？,哎呀～\n你就那么想吃我亲手做的巧克力吗？
sud_vo_system_cidol-hski-3-010_home_cmmn-01,咲季,私と佑芽の健康と成長を願って、ひな祭りを祝うわよ！,怀着我和佑芽健康成长的祈愿，来过女儿节吧！
sud_vo_system_cidol-hski-3-010_home_cmmn-02,咲季,春が近いわね。春といえば、私とゆめの季節よ。,春天快到了呢。说到春天，就是我和佑芽的季节。
sud_vo_system_cidol-hski-3-010_home_cmmn-03,咲季,もうすぐ梅の花が咲く頃かしら。\nふふふ。楽しみね。,快到梅花绽放的时节了吧。\n呵呵呵。真让人期待呢。
sud_vo_system_cidol-hski-3-011_home_cmmn-01,咲季,お花見に行くなら、お弁当は私に任せなさい！,要去看花的话，便当就交给我吧！
sud_vo_system_cidol-hski-3-011_home_cmmn-02,咲季,特別に私の写真を好きなだけ撮らせてあげる！,特别允许你尽情拍我的照片！
sud_vo_system_cidol-hski-3-011_home_cmmn-03,咲季,花よりも団子よりもこの私、花見先でしょ？,比起花、比起团子，看花时最该看的是我吧？
sud_vo_system_cidol-hski-3-012_home_cmmn-01,咲季,あなたが選んだこの私こそが最強よ！,你选中的我，才是最强的！
sud_vo_system_cidol-hski-3-012_home_cmmn-02,咲季,ことねはもっと自分を認めるべきよ。私のようにね。,琴音应该多肯定自己。像我一样。
sud_vo_system_cidol-hski-3-012_home_cmmn-03,咲季,もし誰かというに言っておくんでも、一番輝くのは私よ！,我先跟你说好，不管是谁，最闪耀的人都是我！
sud_vo_system_cidol-hski-3-013_home_cmmn-01,咲季,勝利への活望をこの曲に込めてぶつけてくるわ！,我会把对胜利的渴望倾注在这首歌里，全力展现出来！
sud_vo_system_cidol-hski-3-013_home_cmmn-02,咲季,奇跡だって起こしてみせるわ！私のこの手で！,就算是奇迹，我也要亲手创造给你看！
sud_vo_system_cidol-hski-3-013_home_cmmn-03,咲季,自分の全てを使い果たすような、全力のライブがしたいわね！,我想办一场拼尽一切的全力演唱会！
sud_vo_system_cidol-hski-3-014_home_cmmn-01,咲季,私の笑顔はいつだって最強よ！そうでしょ？,我的笑容无论何时都是最强的！对吧？
sud_vo_system_cidol-hski-3-014_home_cmmn-02,咲季,任せなさい！この私が最高に盛り上げてあげるわ！,交给我吧！就由本小姐来把气氛炒到最热！
sud_vo_system_cidol-hski-3-014_home_cmmn-03,咲季,みんなの声がたくさん聞けそうで、ライブで歌うのが楽しみね！,感觉能听到大家很多的声音，真期待在演唱会上唱歌呢！
sud_vo_system_cidol-hski-3-015_home_cmmn-01,咲季,あなたにも私のいいところを見せてあげるわ！,我也让你看看我的优点！
sud_vo_system_cidol-hski-3-015_home_cmmn-02,咲季,これからも、がむしゃらな私に付き合いなさい！,今后也要陪着不顾一切的我！
sud_vo_system_cidol-hski-3-015_home_cmmn-03,咲季,どんな私も魅力的だって、あなたは言ってくれるのね。,无论怎样的我，你都愿意说很有魅力呢。
sud_vo_system_cidol-hski-3-016_home_cmmn-01,咲季,伝説の始まりを見せてあげようじゃない！,就让你见识一下传说的开始吧！
sud_vo_system_cidol-hski-3-016_home_cmmn-02,咲季,熱を冷ます暇なんてあげないんだから！,我才不会给你让热情冷却的时间！
sud_vo_system_cidol-hski-3-016_home_cmmn-03,咲季,全員、この私に狂わせてあげるわ！,所有人，我都会让你们为我着迷！
sud_vo_system_cidol-hski-3-017_home_cmmn-01,咲季,何度だって立ち向かうわ。あなたと一緒に。,不管多少次我都会迎难而上。和你一起。
sud_vo_system_cidol-hski-3-017_home_cmmn-02,咲季,何もかも私のものにしてみせるわ！,我会把一切都变成我的东西给你看！
sud_vo_system_cidol-hski-3-017_home_cmmn-03,咲季,あなたが夢見た私より\n先に進んでやろうじゃない！,我可要比你梦想中的我\n走得更远！
sud_vo_system_cidol-hski-3-018_home_cmmn-01,咲季,あの時、勇気を出して手を伸ばしてよかったわ。,那个时候，幸好鼓起勇气伸出了手。
sud_vo_system_cidol-hski-3-018_home_cmmn-02,咲季,ありがとう。私のこれまでの人生を信じてくれて。,谢谢。谢谢你相信了我至今为止的人生。
sud_vo_system_cidol-hski-3-018_home_cmmn-03,咲季,あなたのくれた経験全部が、私にとって大事なものよ。,你给我的所有经验，对我来说都很重要。
sud_vo_system_cidol-hski-3-019_home_cmmn-01,咲季,一緒に挑んでくれるわよね？伝説の楽曲に！,你会和我一起挑战吧？挑战那首传说乐曲！
sud_vo_system_cidol-hski-3-019_home_cmmn-02,咲季,あなたはいつも最高の仕事を持ってきてくれるわね,你总是会带来最棒的工作呢
sud_vo_system_cidol-hski-3-019_home_cmmn-03,咲季,期待していなさい！\n私だけの高まえ目を！,你好好期待吧！\n只属于我的更高目标！
sud_vo_system_cidol-hski-3-021_home_cmmn-01,咲季,爽やかなのに切なくて、もどかしい気持ちになる曲よね,这首歌既清爽又带着伤感，让人心里焦急呢。
sud_vo_system_cidol-hski-3-021_home_cmmn-02,咲季,うわつく気持ちなんて、前の私なら知らなかったわ。,浮躁的心情，以前的我可不会懂。
sud_vo_system_cidol-hski-3-021_home_cmmn-03,咲季,あなたは言いたいことがあるなら、ちゃんと言うのよ。,你有什么想说的，就好好说出来。
sud_vo_system_cidol-hski-3-022_home_cmmn-01,咲季,あなたは私の心を満たしてくれるわよね？,你会填满我的心对吧？
sud_vo_system_cidol-hski-3-022_home_cmmn-02,咲季,もっと魅力的な私を見せてあげるわ！,我会让你看到更有魅力的我！
sud_vo_system_cidol-hski-3-022_home_cmmn-03,咲季,あなたはとっくに私に魅了されちゃってるかしら？,你是不是早就已经被我迷住了？
sud_vo_system_cidol-hume-3-000_home_cmmn-01,佑芽,寝坊しても朝ご飯は食べるのがルーティンなんです。,就算睡过头，早饭也一定要吃，这是我的习惯！
sud_vo_system_cidol-hume-3-000_home_cmmn-02,佑芽,ごっそり曲作っちゃうなんてサプライズすぎますよ！,竟然一口气写了这么多曲子，也太惊喜了吧！
sud_vo_system_cidol-hume-3-000_home_cmmn-03,佑芽,一番好きなおにぎりは、お姉ちゃん特製おにぎりです！,我最喜欢的饭团，是姐姐特制饭团！
sud_vo_system_cidol-hume-3-001_home_cmmn-01,佑芽,今年の夏こそは、水泳勝負でお姉ちゃんに勝つ！,今年夏天一定要在游泳比赛里赢过姐姐！
sud_vo_system_cidol-hume-3-001_home_cmmn-02,佑芽,プロデューサーさんは水中で何秒息をためられますか？,制作人老师能在水里憋气多少秒？
sud_vo_system_cidol-hume-3-001_home_cmmn-03,佑芽,夏といえば強化合宿！モートックの準備はできてますよ！,说到夏天就是强化合宿！猛特训的准备已经做好啦！
sud_vo_system_cidol-hume-3-002_home_cmmn-01,佑芽,たこ焼き、焼きそば、イカ焼き！たくさん食べるぞー！,章鱼烧、炒面、烤鱿鱼！我要吃个痛快——！
sud_vo_system_cidol-hume-3-002_home_cmmn-02,佑芽,夏祭りの出店で、今年もお姉ちゃんと勝負だー！,夏日祭的摊位上，今年也要和姐姐一决胜负——！
sud_vo_system_cidol-hume-3-002_home_cmmn-03,佑芽,プロデューサーさんも一緒に花火で勝負しませんか？,制作人老师也一起来场烟花对决吧？
sud_vo_system_cidol-hume-3-004_home_cmmn-01,佑芽,お菓子をくれなきゃ～いたずらするぞ～！,不给糖～就捣蛋～！
sud_vo_system_cidol-hume-3-004_home_cmmn-02,佑芽,どんな仮装ならお姉ちゃんを怖がらせられるかな,要扮成什么样才能吓到姐姐呢？
sud_vo_system_cidol-hume-3-004_home_cmmn-03,佑芽,逃げても無駄です。いたずらするまで追いかけますから！,逃跑也没用的。我会一直追到捣蛋成功为止！
sud_vo_system_cidol-hume-3-005_home_cmmn-01,佑芽,私がプロデューサーさんのサンタさんになりますね！,我来当制作人老师的圣诞老人！
sud_vo_system_cidol-hume-3-005_home_cmmn-02,佑芽,指がカジカンでたら、私が温めてあげます！,要是手指冻僵了，我来帮你暖暖！
sud_vo_system_cidol-hume-3-005_home_cmmn-03,佑芽,雪遊びができるくらいたくさん積もったらいいなあ,真希望雪能积得厚厚的，厚到能玩雪啊
sud_vo_system_cidol-hume-3-006_home_cmmn-01,佑芽,よーし、覚悟しろよ、リーハちゃん！,好嘞，做好觉悟吧，莉莉娅！
sud_vo_system_cidol-hume-3-006_home_cmmn-02,佑芽,見ていてくださいね！この私の一世一代の挑戦を！,请看着我吧！看着我这一生一次的挑战！
sud_vo_system_cidol-hume-3-006_home_cmmn-03,佑芽,私、嬉しいんです！\nまたお姉ちゃんと戦えることが！,我好开心！\n因为又能和姐姐对战了！
sud_vo_system_cidol-hume-3-007_home_cmmn-01,佑芽,バレンタイン、期待してていいですよ！,情人节，你尽管期待吧！
sud_vo_system_cidol-hume-3-007_home_cmmn-02,佑芽,えへへへ\nチョコをあげたいひとたくさんいるんです！,诶嘿嘿嘿\n我想送巧克力的人有好多！
sud_vo_system_cidol-hume-3-007_home_cmmn-03,佑芽,やっぱりチョコは手作りがいいですよね！,巧克力果然还是亲手做的最好吧！
sud_vo_system_cidol-hume-3-008_home_cmmn-01,佑芽,お姉ちゃんのおかげで健やかに成長できました！,多亏了姐姐，我才能健健康康地长大！
sud_vo_system_cidol-hume-3-008_home_cmmn-02,佑芽,お姉ちゃん特製避難祭料理！毎年楽しみなんです！,姐姐特制的女儿节料理！我每年都很期待！
sud_vo_system_cidol-hume-3-008_home_cmmn-03,佑芽,梅の花が咲いたら一緒に見に行きたいですね,等梅花开了，想一起去看呢。
sud_vo_system_cidol-hume-3-009_home_cmmn-01,佑芽,走り出した私は誰にも止められません！,跑起来的我谁也拦不住！
sud_vo_system_cidol-hume-3-009_home_cmmn-02,佑芽,旅に出るなら、ふーんと遠くに行ってみたいですね！,出去旅行的话，很想走得远远的呢！
sud_vo_system_cidol-hume-3-009_home_cmmn-03,佑芽,プロデューサーさんと一緒なら、未来は明るいです！,和制作人老师一起的话，未来一片光明！
sud_vo_system_cidol-hume-3-010_home_cmmn-01,佑芽,プロデューサーさん、お花見に行きましょう！,制作人老师，我们去赏花吧！
sud_vo_system_cidol-hume-3-010_home_cmmn-02,佑芽,さくらと、私とお姉ちゃんの写真、撮ってくれませんか？,能帮我和樱花、姐姐拍张照片吗？
sud_vo_system_cidol-hume-3-010_home_cmmn-03,佑芽,桜の花びら、どっちが多く捕まえられるか勝負だ！！,来比比谁抓到的樱花花瓣更多吧！！
sud_vo_system_cidol-hume-3-011_home_cmmn-01,佑芽,私、店員ですから、お店を盛り上げちゃいますよ！,我可是店员，会把店里气氛炒热起来的！
sud_vo_system_cidol-hume-3-011_home_cmmn-02,佑芽,プロデューサーさん、アニメのおすすめ教えてください！,制作人老师，请告诉我你推荐的动画！
sud_vo_system_cidol-hume-3-011_home_cmmn-03,佑芽,面白いアニメがあったら、お姉ちゃんと一緒に見たいです！,如果有好看的动画，想和姐姐一起看！
sud_vo_system_cidol-hume-3-012_home_cmmn-01,佑芽,あの、私のことどう思ってますか？,那个，你觉得我怎么样？
sud_vo_system_cidol-hume-3-012_home_cmmn-02,佑芽,佑芽先輩はワクワクする提案をしてくれるんですよ！,佑芽前辈会提出令人兴奋的提案哦！
sud_vo_system_cidol-hume-3-012_home_cmmn-03,佑芽,ふたりと一緒なら、何でもできちゃいそうです！,和你们俩在一起，感觉什么都能做到！
sud_vo_system_cidol-hume-3-013_home_cmmn-01,佑芽,私の中の怪物が目覚めちゃうかもしれません！,我体内的怪物可能就要觉醒了！
sud_vo_system_cidol-hume-3-013_home_cmmn-02,佑芽,無性に叫びたくなる曲ですよね？\nウオ～って！,这首歌让人忍不住想放声大喊吧？\n呜哦——！
sud_vo_system_cidol-hume-3-013_home_cmmn-03,佑芽,全部焼き尽くす勢いで歌ってきます！,我会用把一切烧尽的劲头去唱！
sud_vo_system_cidol-hume-3-014_home_cmmn-01,佑芽,思いっきり全速力で盛り上げちゃいますよ～！,我会尽全力全速把气氛炒热哦～！
sud_vo_system_cidol-hume-3-014_home_cmmn-02,佑芽,プロデューサーさん！今の私キラキラしてますか？,制作人老师！现在的我闪闪发光吗？
sud_vo_system_cidol-hume-3-014_home_cmmn-03,佑芽,楽しい曲ですよね~ Everybody Oh YAY!,真是首欢快的歌呢～ Everybody Oh YAY!
sud_vo_system_cidol-hume-3-015_home_cmmn-01,佑芽,ガムサラに突き進むのは大得意です！,我最擅长不顾一切地向前冲了！
sud_vo_system_cidol-hume-3-015_home_cmmn-02,佑芽,プロデューサーさんも一緒に歌って踊って走りましょう！,制作人老师也一起唱、一起跳、一起跑吧！
sud_vo_system_cidol-hume-3-015_home_cmmn-03,佑芽,この曲を歌うと、頑張るぞーって気持ちになります！,一唱这首歌，就会觉得要加油——！
sud_vo_system_cidol-hume-3-016_home_cmmn-01,佑芽,花見ゆめ、颯爽と登場です！,花海佑芽，飒爽登场！
sud_vo_system_cidol-hume-3-016_home_cmmn-02,佑芽,もっともっと！\n私をワクワクさせてください！,再多一些，再多一些！\n请让我更心动吧！
sud_vo_system_cidol-hume-3-016_home_cmmn-03,佑芽,頼りにしててくださいね！最強の担当アイドルを！,请尽管依靠我！最强的担当偶像！
sud_vo_system_cidol-hume-3-017_home_cmmn-01,佑芽,ファンの皆さんに紹介したいです！今の私を！,我想把现在的我介绍给各位粉丝！
sud_vo_system_cidol-hume-3-017_home_cmmn-02,佑芽,私の歌もみんなに勇気をあげられるかな？,我的歌也能给大家带来勇气吗？
sud_vo_system_cidol-hume-3-017_home_cmmn-03,佑芽,プロデューサーさんが大変な時も私がいますからね！,制作人老师辛苦的时候，也有我在！
sud_vo_system_cidol-hume-3-018_home_cmmn-01,佑芽,歌うぞ歌うぞ歌うぞ！\nごめんね！,要唱了要唱了要唱了！\n抱歉！
sud_vo_system_cidol-hume-3-018_home_cmmn-02,佑芽,お互いに似てくるのって、仲良しな感じがしますよね？,彼此慢慢变像，会给人一种很要好的感觉吧？
sud_vo_system_cidol-hume-3-018_home_cmmn-03,佑芽,アイドルになったんだって！この歌でお見せします！,我成为偶像了！就用这首歌展现给你们看！
sud_vo_system_cidol-hume-3-021_home_cmmn-01,佑芽,恋の曲も歌えます！恋愛漫画で勉強してますから！,恋爱歌曲我也能唱！因为我一直用恋爱漫画学习！
sud_vo_system_cidol-hume-3-021_home_cmmn-02,佑芽,ひと夏の恋って、ロマンチックでちょっと憧れちゃいます！,一场夏日之恋，浪漫又让人有点憧憬！
sud_vo_system_cidol-hume-3-021_home_cmmn-03,佑芽,プロデューサーさん！夏の思い出作りましょう！,制作人老师！我们来创造夏天的回忆吧！
sud_vo_system_cidol-hume-3-022_home_cmmn-01,佑芽,他の誰よりも私が一番魅力的ですよね？,我比其他任何人都更有魅力，对吧？
sud_vo_system_cidol-hume-3-022_home_cmmn-02,佑芽,プロデューサーさんも私の虜になってください！,制作人老师也请成为我的俘虏！
sud_vo_system_cidol-hume-3-022_home_cmmn-03,佑芽,小悪魔の色気、今も出てますか？,小恶魔的性感魅力，现在有展现出来吗？
sud_vo_system_cidol-jsna-3-000_home_cmmn-01,星南,あなた、ずいぶん私を買ってるのね,你，还挺看得起我的呢。
sud_vo_system_cidol-jsna-3-000_home_cmmn-02,星南,生徒会のみんなにも聞いてもらおうかしら,要不要也让学生会的大家听听呢？
sud_vo_system_cidol-jsna-3-000_home_cmmn-03,星南,これはきっと特別な歌。\nそんな気がするわ。,这一定是一首特别的歌。\n我有这种感觉。
sud_vo_system_cidol-jsna-3-001_home_cmmn-01,星南,[笑]\n私があなたのサンタクロースになってあげてもいいわよ,[笑]\n我也可以当你的圣诞老人哦。
sud_vo_system_cidol-jsna-3-001_home_cmmn-02,星南,どんなプレゼントが嬉しいか参考までに聞かせてちょうだい,作为参考，告诉我收到什么样的礼物会开心。
sud_vo_system_cidol-jsna-3-001_home_cmmn-03,星南,雪の中でのライブも幻想的でいいと思わない？,你不觉得在雪中举办演唱会也很梦幻、很棒吗？
sud_vo_system_cidol-jsna-3-002_home_cmmn-01,星南,あなたの献身に感謝を。\n代わりに勝利を約束するわ。,感谢你的奉献。\n作为回报，我向你保证胜利。
sud_vo_system_cidol-jsna-3-002_home_cmmn-02,星南,どんな相手だろうと、この私が受けてたすわ！,无论对手是谁，我都会亲自应战！
sud_vo_system_cidol-jsna-3-002_home_cmmn-03,星南,全力を尽くすわ。私の望みをこの手で叶えるためにね。,我会全力以赴。为了亲手实现我的愿望呢。
sud_vo_system_cidol-jsna-3-003_home_cmmn-01,星南,バレンタイン。あなたもチョコが欲しいと思うのかしら？,情人节。你也会想要巧克力吗？
sud_vo_system_cidol-jsna-3-003_home_cmmn-02,星南,今年は私もチョコレートを作ろうと思っているの。,今年我也打算做巧克力。
sud_vo_system_cidol-jsna-3-003_home_cmmn-03,星南,日頃お世話になってる人には、お礼はしないと。ね？,对平日里关照我的人，不道谢可不行。对吧？
sud_vo_system_cidol-jsna-3-004_home_cmmn-01,星南,遠祭ね。アイドルたちの健やかな成長を願いましょう。,远祭啊。让我们祈愿偶像们健康成长吧。
sud_vo_system_cidol-jsna-3-004_home_cmmn-02,星南,温かくなったら\nあなたと出かけるのも悪くないかしら,等天气暖和了\n和你一起出门也不错呢。
sud_vo_system_cidol-jsna-3-004_home_cmmn-03,星南,アイドルたちの才能が次々に目を出してくる。楽しみね。,偶像们的才能接连崭露头角。真令人期待呢。
sud_vo_system_cidol-jsna-3-005_home_cmmn-01,星南,桜が咲き誇るこの季節\n見ごろのアイドルはいるかしら？,樱花盛开的这个季节\n有没有正值观赏期的偶像呢？
sud_vo_system_cidol-jsna-3-005_home_cmmn-02,星南,お花見に行きましょう。特等席を用意するわ。,我们去赏花吧。我会备好特等席。
sud_vo_system_cidol-jsna-3-005_home_cmmn-03,星南,今の私とあなたを\n写真に残すのもいいかもしれないよね,把现在的我和你\n留在照片里也许也不错呢。
sud_vo_system_cidol-jsna-3-006_home_cmmn-01,星南,迎えましょう。いただきのその先へ！,去迎接吧。向着顶点的更前方！
sud_vo_system_cidol-jsna-3-006_home_cmmn-02,星南,みんなの調べになってみせる\n必ず,我要成为大家的旋律\n一定
sud_vo_system_cidol-jsna-3-006_home_cmmn-03,星南,顔を上げて進みましょう！,抬起头来，向前迈步吧！
sud_vo_system_cidol-jsna-3-007_home_cmmn-01,星南,普段と思考を変えて、水中トレーニングもいいわね。,偶尔换换思路，做做水中训练也不错呢。
sud_vo_system_cidol-jsna-3-007_home_cmmn-02,星南,水分補給はしてる？\n倒れたりしないでちょうだいね、先輩。,有在补充水分吗？\n可别倒下哦，前辈。
sud_vo_system_cidol-jsna-3-007_home_cmmn-03,星南,勇望な子を集めて、夏の個人レッスンをしようかしら！,召集有潜力的孩子，举办夏季个人课程如何呢！
sud_vo_system_cidol-jsna-3-008_home_cmmn-01,星南,もう夏祭りの季節ね。見回りの予定を決めないと。,已经到了夏祭的季节了呢。得定下巡视的安排了。
sud_vo_system_cidol-jsna-3-008_home_cmmn-02,星南,花火みたいに、大輪の花を咲かせる生徒を見つけたいものね。,真想找到像烟花一样，绽放出硕大花朵的学生呢。
sud_vo_system_cidol-jsna-3-008_home_cmmn-03,星南,屋台って、普段食べないようなものが並んで楽しいわよね？,摊位上摆满了平时不怎么吃的东西，很有趣吧？
sud_vo_system_cidol-jsna-3-009_home_cmmn-01,星南,ハッピーハロウィン。あなたにもお菓子をあげるわ。,万圣节快乐。我也给你糖果哦。
sud_vo_system_cidol-jsna-3-009_home_cmmn-02,星南,どの子にどんな仮装が似合うか\n考えるのもまた一興ね,思考哪个孩子适合什么样的变装\n也别有一番乐趣呢。
sud_vo_system_cidol-jsna-3-009_home_cmmn-03,星南,私だって、お菓子をくれない人にはいたずらくらいするわよ。,就算是我，也会对不给糖果的人搞点恶作剧哦。
sud_vo_system_cidol-jsna-3-010_home_cmmn-01,星南,この私が定員になるのだから、大繁盛間違いなしね！,既然有我来当店员，绝对会生意兴隆呢！
sud_vo_system_cidol-jsna-3-010_home_cmmn-02,星南,おすすめのアニメがあったら教えてちょうだい。参考にしたいわ。,有推荐的动画就告诉我。我想参考一下。
sud_vo_system_cidol-jsna-3-010_home_cmmn-03,星南,アニメの話題なら、後輩とも盛り上がるかしら。,动画的话题，和后辈也能聊得热闹起来吧。
sud_vo_system_cidol-jsna-3-011_home_cmmn-01,星南,たとえ最強のユニットが相手でも、勝つのはこの私よ！,即使对手是最强的组合，获胜的也会是我！
sud_vo_system_cidol-jsna-3-011_home_cmmn-02,星南,みすずからは時折、とんでもない圧を感じるのよね。,美铃身上偶尔会散发出惊人的压迫感呢。
sud_vo_system_cidol-jsna-3-011_home_cmmn-03,星南,もし本当にユニットを組んだら\n暑いわね,如果真的组成组合\n可真是火热呢。
sud_vo_system_cidol-jsna-3-012_home_cmmn-01,星南,脱しを示していたら、この曲は歌いこなせないわね。,如果不拿出真本事，这首歌可没法唱好呢。
sud_vo_system_cidol-jsna-3-012_home_cmmn-02,星南,アイドル界に革命を巻き起こすつもりで、挑むわ！,我要在偶像界掀起一场革命，放手一搏！
sud_vo_system_cidol-jsna-3-012_home_cmmn-03,星南,湧き上がってくる衝動のままに、歌ってみようかしら。,不如就随着涌上来的冲动，试着唱一唱吧。
sud_vo_system_cidol-jsna-3-013_home_cmmn-01,星南,最高潮の盛り上がりを私が見せてあげるわ！,最高潮的热烈气氛，就由我来展现给你看！
sud_vo_system_cidol-jsna-3-013_home_cmmn-02,星南,あなたの声もたくさん聞かせてもらえるのかしら？,也能让我多听听你的声音吗？
sud_vo_system_cidol-jsna-3-013_home_cmmn-03,星南,ファンと一緒にステージを作るのが楽しみになる曲ね！,这是一首让人期待和粉丝们一起打造舞台的曲子呢！
sud_vo_system_cidol-jsna-3-014_home_cmmn-01,星南,私の望む未来を信じて\n今はただ進みましょう！,相信我所期望的未来\n现在只需向前进吧！
sud_vo_system_cidol-jsna-3-014_home_cmmn-02,星南,がむしゃらに頑張る日々も楽しいものよね,拼命努力的日子，也别有一番乐趣呢。
sud_vo_system_cidol-jsna-3-014_home_cmmn-03,星南,ファンや後輩たち、そして私自身のための応援かね！,这是为了粉丝、后辈们，以及我自己的应援啊！
sud_vo_system_cidol-jsna-3-015_home_cmmn-01,星南,迎え撃ってみせるわ\nさきららの私で,我会迎击给你看\n以如今的我
sud_vo_system_cidol-jsna-3-015_home_cmmn-02,星南,あんなにも通じ合えるなんて。私たち、相性がいいのね。,居然能如此心意相通。我们还真是合得来呢。
sud_vo_system_cidol-jsna-3-015_home_cmmn-03,星南,最近、あなたの真似が上手くなってきたと思わない？,你不觉得我最近越来越擅长模仿你了吗？
sud_vo_system_cidol-jsna-3-016_home_cmmn-01,星南,さあ、ワンダーランドへ飛び込んでみましょうか。,来吧，试着跳入奇妙仙境吧。
sud_vo_system_cidol-jsna-3-016_home_cmmn-02,星南,また、私の自慢話を聞いてちょうだいね、先輩,前辈，之后也要好好听我自夸哦。
sud_vo_system_cidol-jsna-3-016_home_cmmn-03,星南,あなた、時々私の反応を楽しんでいるわよね？,你有时候很爱看我的反应呢。
sud_vo_system_cidol-jsna-3-017_home_cmmn-01,星南,聞かせてあげるわ。私ならではのガラクタロードだわ。,让我唱给你听吧。这是唯有我才能演绎的荆棘之路。
sud_vo_system_cidol-jsna-3-017_home_cmmn-02,星南,遠い将来のこともいろいろと考えているのよ,对遥远的未来，我也做了许多考虑哦。
sud_vo_system_cidol-jsna-3-017_home_cmmn-03,星南,先を進み続ける私の姿を見せてあげましょう！,我就让你见识一下我不断前进的模样吧！
sud_vo_system_cidol-jsna-3-019_home_cmmn-01,星南,なんて光栄なのかしら。あの曲を歌えるなんて。,这是何等的荣幸啊。竟然能唱那首歌。
sud_vo_system_cidol-jsna-3-019_home_cmmn-02,星南,どうしましょう、先輩。恐れ多すぎて、震えてきたわ。,怎么办，前辈。太过惶恐，我都颤抖起来了。
sud_vo_system_cidol-jsna-3-019_home_cmmn-03,星南,ずっとずっと憧れていたの。夢みたいね。,我一直一直很憧憬。像做梦一样呢。
sud_vo_system_cidol-jsna-3-020_home_cmmn-01,星南,私のやり方に巻き込まれるのはあなただけよ,会被我的做法卷进来的，只有你哦。
sud_vo_system_cidol-jsna-3-020_home_cmmn-02,星南,少しの間でも、あなたとバカンス気分を味わえて嬉しいわ。,哪怕只有片刻，能与你一起感受度假的氛围，我很开心。
sud_vo_system_cidol-jsna-3-020_home_cmmn-03,星南,いつかの私の姿が、あなたの目に留まってよかったわ,曾经的身姿能被你留意到，真是太好了。
sud_vo_system_cidol-jsna-3-022_home_cmmn-01,星南,私も愛を知りたいと言ったら、あなたは教えてくれる？,如果我说我也想了解爱，你会教我吗？
sud_vo_system_cidol-jsna-3-022_home_cmmn-02,星南,もっと、あなたを虜にしてみせるから、覚悟してちょうだい。,我会让你更加为我着迷，给我做好觉悟。
sud_vo_system_cidol-jsna-3-022_home_cmmn-03,星南,あなたに話があるのだけれど\n耳打ちしてもいいかしら？,我有话想对你说，不过\n可以凑到你耳边说吗？
sud_vo_system_cidol-kcna-3-000_home_cmmn-01,千奈,私いつか、おひ様のようなアイドルになってみせますわ！,本人总有一天要成为像太阳一样的偶像哇！
sud_vo_system_cidol-kcna-3-000_home_cmmn-02,千奈,ワンダースケール\n私だけの曲なのですね？,Wonder Scale\n是只属于本人的曲子呢？
sud_vo_system_cidol-kcna-3-000_home_cmmn-03,千奈,先生との日々はアイドルの世界を旅しているみたいですわ！,与老师共度的日子，就像在偶像的世界里旅行一样哇！
sud_vo_system_cidol-kcna-3-001_home_cmmn-01,千奈,私の知らないこと、たくさん教えてくださいませ！,本人所不知道的事情，请多多告诉本人吧！
sud_vo_system_cidol-kcna-3-001_home_cmmn-02,千奈,先生と出会ってから、世界中がキラキラですわ！,自从与老师相遇，全世界都闪闪发光哇！
sud_vo_system_cidol-kcna-3-001_home_cmmn-03,千奈,アイドルを目指してから、新しい発見でいっぱいですの！,自从以偶像为目标，就充满了新发现哇！
sud_vo_system_cidol-kcna-3-002_home_cmmn-01,千奈,ハロウィンはお菓子をたくさんいただける日ですわね！,万圣节是能收到好多点心的日子哇！
sud_vo_system_cidol-kcna-3-002_home_cmmn-02,千奈,私も怖いお化けになってみせますわ！,本人也要变成吓人的妖怪给您看哇！
sud_vo_system_cidol-kcna-3-002_home_cmmn-03,千奈,先生！どうしたら怖く見えるか教えてくださいませ！,老师！请教本人怎样才能看起来吓人！
sud_vo_system_cidol-kcna-3-003_home_cmmn-01,千奈,水電報と浮き輪と\nいろいろ揃えておきませんと,水枪和游泳圈，\n不准备齐全可不行
sud_vo_system_cidol-kcna-3-003_home_cmmn-02,千奈,助けてください。夏休みの宿題が終わりませんの！,请帮帮本人。暑假作业写不完了哇！
sud_vo_system_cidol-kcna-3-003_home_cmmn-03,千奈,今年の夏は、先生との思い出もたくさん作りたいですわ！,今年夏天，本人也想和老师一起留下许多回忆哇！
sud_vo_system_cidol-kcna-3-004_home_cmmn-01,千奈,先生！\n私、夏祭りに行きたいですわ！,老师！\n本人想去夏日祭哇！
sud_vo_system_cidol-kcna-3-004_home_cmmn-02,千奈,大きな花火\n私のお家からも見えるでしょうか？,大大的烟花，\n从本人的家也能看到吗？
sud_vo_system_cidol-kcna-3-004_home_cmmn-03,千奈,こう見えて私、気付けは自分でできますの！,别看我这样，本人也能自己穿和服哇！
sud_vo_system_cidol-kcna-3-005_home_cmmn-01,千奈,温泉に行きましょう！きっと疲れも吹き飛びますわ！,去温泉吧！疲劳一定会一扫而空哇！
sud_vo_system_cidol-kcna-3-005_home_cmmn-02,千奈,寒さに負けないよ。しっかり体を温めますの。,本人不会输给寒冷哦。要好好温暖身体哇。
sud_vo_system_cidol-kcna-3-005_home_cmmn-03,千奈,お風呂に入ると、つい口ずさんでしまいますわ。,一泡澡，就会不自觉地哼起歌来哇。
sud_vo_system_cidol-kcna-3-006_home_cmmn-01,千奈,クリスマスパーティー、先生も招待したいですわ！,圣诞派对，本人也想邀请老师哇！
sud_vo_system_cidol-kcna-3-006_home_cmmn-02,千奈,80キラキラで\nクリスマスの時期はワクワクしますの！,有80闪耀，\n圣诞时节就兴奋不已哇！
sud_vo_system_cidol-kcna-3-006_home_cmmn-03,千奈,雪…\n外が真っ白になるくらい積もるでしょうか？,雪……\n会积到外面一片雪白吗？
sud_vo_system_cidol-kcna-3-007_home_cmmn-01,千奈,先生となら、どこまでだって駆け上がっていきますわ！,只要和老师一起，无论多高都能冲上去哇！
sud_vo_system_cidol-kcna-3-007_home_cmmn-02,千奈,信じてみますわ。先生が信じてくださる、私を。,本人愿意试着相信。相信老师所信任的本人。
sud_vo_system_cidol-kcna-3-007_home_cmmn-03,千奈,先生が一緒ですもの！\nわたし、優勝間違いなしですわ！,有老师一起嘛！\n本人，优胜肯定没问题哇！
sud_vo_system_cidol-kcna-3-008_home_cmmn-01,千奈,チョコレート作り、うまくできるでしょうか？,做巧克力，能做好吗？
sud_vo_system_cidol-kcna-3-008_home_cmmn-02,千奈,先生、バレンタイン楽しみにしていてくださいませ！,老师，请好好期待情人节吧！
sud_vo_system_cidol-kcna-3-008_home_cmmn-03,千奈,えへへ\nチョコレートをあげたい方がたくさんですわ,诶嘿嘿\n本人想送巧克力的人有很多哇
sud_vo_system_cidol-kcna-3-009_home_cmmn-01,千奈,先生！一緒に春を探しに行きましょう！,老师！一起去寻找春天吧！
sud_vo_system_cidol-kcna-3-009_home_cmmn-02,千奈,もうすぐ冬も終わり\nポカポカの陽気が恋しいですわね,冬天也快结束了，\n真想念暖洋洋的天气哇
sud_vo_system_cidol-kcna-3-009_home_cmmn-03,千奈,ひな人形、とってもきれいですわよね？,女儿节人偶，真是非常漂亮哇？
sud_vo_system_cidol-kcna-3-010_home_cmmn-01,千奈,先生も我が家のお花見会にぜひいらしてほしいですわ！,请老师也一定来参加我们家的赏花会哇！
sud_vo_system_cidol-kcna-3-010_home_cmmn-02,千奈,お花見用のお弁当\n私にも作れるでしょうか？,赏花用的便当，\n本人也能做出来吗？
sud_vo_system_cidol-kcna-3-010_home_cmmn-03,千奈,先生！桜と一緒に写真を撮りませんか？,老师！要不要和樱花一起拍照呢？
sud_vo_system_cidol-kcna-3-011_home_cmmn-01,千奈,私もついに、お店屋さんデビューですわ！,本人也终于要初次体验当店员哇！
sud_vo_system_cidol-kcna-3-011_home_cmmn-02,千奈,立派な一日定員さんになってみせますの！,本人会努力成为出色的一日店员哇！
sud_vo_system_cidol-kcna-3-011_home_cmmn-03,千奈,先生！アニメのお勉強を手伝ってくださいませ！,老师！请帮助本人学习动画吧！
sud_vo_system_cidol-kcna-3-012_home_cmmn-01,千奈,力強く、かっこいい私をご覧に入れますわ！,就请您看看强而有力又帅气的本人哇！
sud_vo_system_cidol-kcna-3-012_home_cmmn-02,千奈,教えてください。私の歌で世界を救えるように。,请教教本人，直到本人的歌能够拯救世界。
sud_vo_system_cidol-kcna-3-012_home_cmmn-03,千奈,ちゃちゃちゃちゃー\n頭に残るメロディーですわ,恰恰恰恰——\n真是留在脑海里的旋律哇
sud_vo_system_cidol-kcna-3-013_home_cmmn-01,千奈,私のスマイルはいかがでしょうか？,本人的微笑如何呢？
sud_vo_system_cidol-kcna-3-013_home_cmmn-02,千奈,皆様とたくさんの幸せを分け合っていきたいですわ！,本人想和大家分享许多幸福哇！
sud_vo_system_cidol-kcna-3-013_home_cmmn-03,千奈,呪文のような歌詞？\n頑張って覚えませんと！,像咒语一样的歌词？\n不努力记住可不行！
sud_vo_system_cidol-kcna-3-014_home_cmmn-01,千奈,私による私のための楽曲ですわ！,这是由本人创作、为了本人而写的歌曲哇！
sud_vo_system_cidol-kcna-3-014_home_cmmn-02,千奈,勝利をお約束しますわ。この空と皆様と、先生に！,本人承诺取胜。向这片天空、各位，以及老师！
sud_vo_system_cidol-kcna-3-014_home_cmmn-03,千奈,トップアイドルとしてこの曲を歌う。そんな日がいつか！,作为顶级偶像唱这首歌。那样的日子终有一天会到来！
sud_vo_system_cidol-kcna-3-015_home_cmmn-01,千奈,一歩一歩は小さくても、全力で参りましょう！,即使每一步都很小，也要全力以赴前进吧！
sud_vo_system_cidol-kcna-3-015_home_cmmn-02,千奈,失敗しても何度だって立ち上がってみせますわ！,即使失败，也会无数次站起来给您看哇！
sud_vo_system_cidol-kcna-3-015_home_cmmn-03,千奈,皆様と一緒に歌えたら、きっと楽しいと思いますな！,如果能和大家一起唱，一定会很开心哇！
sud_vo_system_cidol-kcna-3-016_home_cmmn-01,千奈,信沢さんが私のパートナー？\n素敵ですわ！,筱泽同学是本人的搭档？\n太棒了哇！
sud_vo_system_cidol-kcna-3-016_home_cmmn-02,千奈,先生のことも叱る必要があるのなら、こ、こらー！,如果也有必要训斥老师的话，那、本人可要喊“喂——！”了
sud_vo_system_cidol-kcna-3-016_home_cmmn-03,千奈,さすが先生！ぴったりのお相手をよくわかっていますわね！,不愧是老师！真懂得谁是与本人相配的搭档哇！
sud_vo_system_cidol-kcna-3-017_home_cmmn-01,千奈,皆様、瞬きは元気でお願いいたしますわ！,各位，请用充满活力的眨眼来回应哇！
sud_vo_system_cidol-kcna-3-017_home_cmmn-02,千奈,永遠に踊り続けるなんて、体力が足りませんわー！,永远跳个不停什么的，体力可不够哇——！
sud_vo_system_cidol-kcna-3-017_home_cmmn-03,千奈,先生も一緒にワンダーランドに飛び込みましょう！,老师也一起跳入仙境吧！
sud_vo_system_cidol-kcna-3-018_home_cmmn-01,千奈,なってみせますわ。\n私らしいプリマステラに。,本人会成为给您看哇。\n成为符合本人风格的Prima Stella。
sud_vo_system_cidol-kcna-3-018_home_cmmn-02,千奈,新たな私のイメージ、どうなるのでしょうか？,崭新的本人形象，会变成什么样呢？
sud_vo_system_cidol-kcna-3-018_home_cmmn-03,千奈,さあ、先生もご一緒に、走りたい！,来吧，老师也一起，真想跑起来！
sud_vo_system_cidol-kcna-3-020_home_cmmn-01,千奈,あの曲を歌えるなんて、とんでもないことでしょう！,居然能唱那首歌，真是太了不得了呢！
sud_vo_system_cidol-kcna-3-020_home_cmmn-02,千奈,前々と背中を押してくれる素敵な曲ですわよね！,这是一首一直在背后推动本人的美妙曲子哇！
sud_vo_system_cidol-kcna-3-020_home_cmmn-03,千奈,先生！私たちも頑張って行きましょう！,老师！我们也一起加油前进吧！
sud_vo_system_cidol-kcna-3-021_home_cmmn-01,千奈,切ない恋の曲を歌うなんて、大人になった気分ですわ！,唱悲伤的恋歌，感觉就像变成了大人哇！
sud_vo_system_cidol-kcna-3-021_home_cmmn-02,千奈,アイスの半分ご、私もしてみたいですわ！先生！,冰淇淋一人一半，本人也想试试哇！老师！
sud_vo_system_cidol-kcna-3-021_home_cmmn-03,千奈,先生と一緒にバク拉斯というのもいいですわね！,和老师一起去度假也不错哇！
sud_vo_system_cidol-kcna-3-022_home_cmmn-01,千奈,私、悪い子になってみますわ。怖くのですもの。,本人要试着当坏孩子哇。因为很可怕嘛。
sud_vo_system_cidol-kcna-3-022_home_cmmn-02,千奈,小悪魔の色気\n私に身につけられるでしょうか？,小恶魔的性感魅力，\n本人能学会吗？
sud_vo_system_cidol-kcna-3-022_home_cmmn-03,千奈,真実の愛というのも、いつか先生が教えてくださいますか？,所谓真实的爱，老师有一天也会教给本人吗？
sud_vo_system_cidol-kllj-3-000_home_cmmn-01,リーリヤ,やっぱり私の曲なんて恐れ多いです。,我的曲子果然还是太不自量力了。
sud_vo_system_cidol-kllj-3-000_home_cmmn-02,リーリヤ,もっと高く\n少しだけ\n私でもって思えるんです,想更高一点\n哪怕一点点\n能让我觉得“我也可以”
sud_vo_system_cidol-kllj-3-000_home_cmmn-03,リーリヤ,届かないくらい遠くても、羽ばたきは止めません！,即使远得无法触及，我也不会停止振翅！
sud_vo_system_cidol-kllj-3-001_home_cmmn-01,リーリヤ,日本の夏の楽しみ方教えてください、先輩！,前辈，请教教我日本夏天的享受方式吧！
sud_vo_system_cidol-kllj-3-001_home_cmmn-02,リーリヤ,素敵な夏の思い出、一緒に作りたいです。,我想和您一起创造美好的夏日回忆。
sud_vo_system_cidol-kllj-3-001_home_cmmn-03,リーリヤ,先輩とお祭り\n行ってみたいな,好想和前辈\n一起去祭典看看啊
sud_vo_system_cidol-kllj-3-002_home_cmmn-01,リーリヤ,先輩はどんな風に夏休みを過ごしていましたか？,前辈是怎么度过暑假的呢？
sud_vo_system_cidol-kllj-3-002_home_cmmn-02,リーリヤ,水着で泳ぐの楽しみです！,我很期待穿着泳衣游泳！
sud_vo_system_cidol-kllj-3-002_home_cmmn-03,リーリヤ,アニメで見たんです。夏はイベントがたくさんあるって。,我在动画里看到过，夏天会有很多活动。
sud_vo_system_cidol-kllj-3-004_home_cmmn-01,リーリヤ,ハロウィン、先輩はどんな仮装をするんですか？,万圣节，前辈打算做什么样的变装呢？
sud_vo_system_cidol-kllj-3-004_home_cmmn-02,リーリヤ,かぼちゃを使ったお菓子、何を作るか迷っちゃいます。,用南瓜做的点心，我正在犹豫要做哪一种。
sud_vo_system_cidol-kllj-3-004_home_cmmn-03,リーリヤ,いたずら...\nどんなことをしたらいいんでしょう？,恶作剧……\n该做些什么好呢？
sud_vo_system_cidol-kllj-3-005_home_cmmn-01,リーリヤ,先輩はクリスマスの予定ってありますか？,前辈圣诞节有什么安排吗？
sud_vo_system_cidol-kllj-3-005_home_cmmn-02,リーリヤ,寒くなってくると実感を思い出します。,天气变冷的时候，就会回想起那种真切的感觉。
sud_vo_system_cidol-kllj-3-005_home_cmmn-03,リーリヤ,雪が積もったら、一緒に雪だるまを作りたいです！,如果积雪了，我想和您一起堆雪人！
sud_vo_system_cidol-kllj-3-006_home_cmmn-01,リーリヤ,才能がなくても、アイドルになるって決めたんです！,即使没有才能，我也决定要成为偶像！
sud_vo_system_cidol-kllj-3-006_home_cmmn-02,リーリヤ,信じます。先輩を、先輩の言葉を。,我相信。相信前辈，相信前辈的话。
sud_vo_system_cidol-kllj-3-006_home_cmmn-03,リーリヤ,勇気も、元気も、先輩にたくさんもらっています。,勇气和活力，我都从前辈那里得到了很多。
sud_vo_system_cidol-kllj-3-007_home_cmmn-01,リーリヤ,先輩、チョコを受け取ってくれますか？,前辈，能收下巧克力吗？
sud_vo_system_cidol-kllj-3-007_home_cmmn-02,リーリヤ,バレンタイン、どんなチョコを作ろうかな？,情人节做什么巧克力好呢？
sud_vo_system_cidol-kllj-3-007_home_cmmn-03,リーリヤ,作るのは楽しいけど、書庫を渡すのは緊張しそうです。,创作虽然很开心，但要把曲子交出去还是有点紧张。
sud_vo_system_cidol-kllj-3-008_home_cmmn-01,リーリヤ,私も自分の力で輝けるようになりたいです！,我也想靠自己的力量绽放光芒！
sud_vo_system_cidol-kllj-3-008_home_cmmn-02,リーリヤ,みんながどんなに眩しくても、私は私ですから。,无论大家多么耀眼，我就是我。
sud_vo_system_cidol-kllj-3-008_home_cmmn-03,リーリヤ,いつか先輩とオーロラを見に行きたいです,希望有一天能和前辈一起去看极光。
sud_vo_system_cidol-kllj-3-009_home_cmmn-01,リーリヤ,新しい季節が近づくと、なんだか胸が弾みます。,新的季节临近时，总觉得心里雀跃不已。
sud_vo_system_cidol-kllj-3-009_home_cmmn-02,リーリヤ,雪解けは嬉しいですよね,雪化了真让人开心呢。
sud_vo_system_cidol-kllj-3-009_home_cmmn-03,リーリヤ,温かくなったら、先輩とどこかに出かけたいです。,天气暖和起来后，我想和前辈一起出去走走。
sud_vo_system_cidol-kllj-3-010_home_cmmn-01,リーリヤ,先輩、一緒に桜を見に行きませんか？,前辈，要一起去看樱花吗？
sud_vo_system_cidol-kllj-3-010_home_cmmn-02,リーリヤ,先輩との出会いは特別です。,与前辈的相遇很特别。
sud_vo_system_cidol-kllj-3-010_home_cmmn-03,リーリヤ,一緒に写真撮りませんか？両親に送りたいんです。,要不要一起拍张照？我想发给父母。
sud_vo_system_cidol-kllj-3-011_home_cmmn-01,リーリヤ,お店を盛り上げられるように、精一杯頑張ります！,我会为了让店铺热闹起来而全力以赴！
sud_vo_system_cidol-kllj-3-011_home_cmmn-02,リーリヤ,アニメグッズに囲まれてお仕事できるなんて、楽しみです！,能在动漫周边的包围下工作，真让人期待！
sud_vo_system_cidol-kllj-3-011_home_cmmn-03,リーリヤ,お仕事終わったら買いに行ってもいいですか？,工作结束后我可以去买吗？
sud_vo_system_cidol-kllj-3-012_home_cmmn-01,リーリヤ,私と一緒に戦ってください、先輩！,请和我一起战斗吧，前辈！
sud_vo_system_cidol-kllj-3-012_home_cmmn-02,リーリヤ,ライブでは私も主人公になれるでしょうか？,在演唱会上，我也能成为主角吗？
sud_vo_system_cidol-kllj-3-012_home_cmmn-03,リーリヤ,ロボットアニメの主題歌みたいな曲！\nカッコいいです！,像机器人动画主题曲一样的歌！\n好帅！
sud_vo_system_cidol-kllj-3-013_home_cmmn-01,リーリヤ,私もミラクル起こしてみせます！,我也要创造奇迹给您看！
sud_vo_system_cidol-kllj-3-013_home_cmmn-02,リーリヤ,今、この瞬間も大切な宝物です。,现在，这一瞬间也是珍贵的宝物。
sud_vo_system_cidol-kllj-3-013_home_cmmn-03,リーリヤ,最強のスマイルできてますか？,我是否展现出最强的笑容呢？
sud_vo_system_cidol-kllj-3-014_home_cmmn-01,リーリヤ,誰よりもかむしゃらに精一杯頑張ります！,我会比任何人都更不顾一切地全力以赴！
sud_vo_system_cidol-kllj-3-014_home_cmmn-02,リーリヤ,私の音でみんなの背中を押せたらいいな,如果我的歌声能给大家带来支持就好了。
sud_vo_system_cidol-kllj-3-014_home_cmmn-03,リーリヤ,当っていると私まで元気をもらえる気がします！,被灯光照着的时候，感觉连我也能获得活力。
sud_vo_system_cidol-kllj-3-015_home_cmmn-01,リーリヤ,先輩が自信をくれるから、私は最強です！,因为前辈给了我自信，所以我就是最强的！
sud_vo_system_cidol-kllj-3-015_home_cmmn-02,リーリヤ,背中を追うばかりじゃなくて、隣に立ちたいんです,我不想只是一味追赶您的背影，而是想站在您的身边。
sud_vo_system_cidol-kllj-3-015_home_cmmn-03,リーリヤ,私のことたくさん褒めてくれますか？,您会多多夸奖我吗？
sud_vo_system_cidol-kllj-3-016_home_cmmn-01,リーリヤ,桂木莉莉亚\n今日だけはルール無用で行きます！,桂木莉莉亚\n只有今天，我会无视规则全力以赴！
sud_vo_system_cidol-kllj-3-016_home_cmmn-02,リーリヤ,カッコいい単語が出てきて、ワクワクする曲ですよね！,出现了好多帅气的词，真是首让人兴奋的曲子呢！
sud_vo_system_cidol-kllj-3-016_home_cmmn-03,リーリヤ,全力で踊るので、かかって来てください！,我会全力跳舞，请放马过来吧！
sud_vo_system_cidol-kllj-3-017_home_cmmn-01,リーリヤ,アイドルとして、すみかちゃんとステージに立てるなんて！,作为偶像，竟然能和小澄香一起站上舞台！
sud_vo_system_cidol-kllj-3-017_home_cmmn-02,リーリヤ,先輩も、私たちと同じ夢を見てくれますよね？,前辈也会和我们做同一个梦吧？
sud_vo_system_cidol-kllj-3-017_home_cmmn-03,リーリヤ,すみかちゃんのこと、先輩にもたくさん教えてあげます！,关于小澄香的事，我也会告诉前辈很多的。
sud_vo_system_cidol-kllj-3-018_home_cmmn-01,リーリヤ,言い続けます。先輩と一緒にアイドルになりますって。,我会一直说下去：我要和前辈一起成为偶像。
sud_vo_system_cidol-kllj-3-018_home_cmmn-02,リーリヤ,理想の姿になった私を、先輩に見てもらいたいです！,我想让前辈看到成为理想模样的我！
sud_vo_system_cidol-kllj-3-018_home_cmmn-03,リーリヤ,楽しんで歌ってみます。アイドルに憧れたあの頃みたいに。,我会开心地唱，就像当初憧憬偶像时那样。
sud_vo_system_cidol-kllj-3-020_home_cmmn-01,リーリヤ,ラジオで聞いてた皆さんの曲を歌えるなんて！,竟然能唱在广播里听过的大家的歌！
sud_vo_system_cidol-kllj-3-020_home_cmmn-02,リーリヤ,前向きでキラキラしてて勇気をもらえる曲ですよね？,这是一首积极向上、闪闪发亮、能给人勇气的曲子吧？
sud_vo_system_cidol-kllj-3-020_home_cmmn-03,リーリヤ,本当にアイドルになれたんだって、実感しちゃいます！,我真切地感受到自己真的成为偶像了！
sud_vo_system_cidol-kllj-3-021_home_cmmn-01,リーリヤ,キラキラした夏の海、先輩と見に行きたいです！,我想和前辈一起去看闪闪发光的夏日大海！
sud_vo_system_cidol-kllj-3-021_home_cmmn-02,リーリヤ,先輩との時間がずっと続けばいいのにって思います。,我心想，和前辈在一起的时间要是能一直持续下去就好了。
sud_vo_system_cidol-kllj-3-021_home_cmmn-03,リーリヤ,大事な気持ちって、なかなか言葉にできないですよね。,重要的心情，总是很难用语言表达出来呢。
sud_vo_system_cidol-kllj-3-022_home_cmmn-01,リーリヤ,私に怖くまっぽさなんてあるんでしょうか？,我身上会有那种又可怕又可爱的感觉吗？
sud_vo_system_cidol-kllj-3-022_home_cmmn-02,リーリヤ,自分の可能性。先輩が言うなら信じてみます。,自己的可能性。既然前辈这么说，我就试着相信。
sud_vo_system_cidol-kllj-3-022_home_cmmn-03,リーリヤ,私にも先輩を魅了できますか？,我也能让前辈为我着迷吗？
sud_vo_system_cidol-shro-3-000_home_cmmn-01,広,初めての曲。\nグルグルした気持ちいっぱいこもってる。,第一次的曲子。\n里面满满都是打转的心情。
sud_vo_system_cidol-shro-3-000_home_cmmn-02,広,私の曲、今までの人生で一番嬉しいかも,我的曲子，可能是我至今人生中最开心的事。
sud_vo_system_cidol-shro-3-000_home_cmmn-03,広,熱とか光に引き寄せられる気持ち、わかる。,我懂那种被热量或光芒吸引的心情。
sud_vo_system_cidol-shro-3-001_home_cmmn-01,広,新しい曲\nファンの人たち喜ぶといいな,新歌\n希望粉丝们会开心
sud_vo_system_cidol-shro-3-001_home_cmmn-02,広,心が震える感覚。今なら少しわかる気がする。,心灵震撼的感觉。现在似乎能稍微明白了。
sud_vo_system_cidol-shro-3-001_home_cmmn-03,広,じー\nあなたと目を合わせてる,盯——\n正和你对视着。
sud_vo_system_cidol-shro-3-002_home_cmmn-01,広,お菓子をくれないとイタズラしちゃうぞー,不给我点心的话，我就要恶作剧了哦。
sud_vo_system_cidol-shro-3-002_home_cmmn-02,広,私がいたずらしたら、仕返しする？,如果我恶作剧了，你会报复我吗？
sud_vo_system_cidol-shro-3-002_home_cmmn-03,広,お化けは非科学的。だけど、いたほうが面白い。,鬼怪不科学。不过，有的话才有趣。
sud_vo_system_cidol-shro-3-003_home_cmmn-01,広,海で特訓とかしてみたい。すごく苦しそうだから。,想试试去海边特训之类的。因为看起来特别辛苦。
sud_vo_system_cidol-shro-3-003_home_cmmn-02,広,今年の夏は少し楽しみ。きっと退屈はしないと思う。,今年的夏天有点让人期待。我想一定不会无聊。
sud_vo_system_cidol-shro-3-003_home_cmmn-03,広,プロデューサー、一緒にこの夏を生き延びよう。ねえ,制作人，和我一起熬过这个夏天吧。好吗
sud_vo_system_cidol-shro-3-004_home_cmmn-01,広,暑くて人の多いお祭りを乗り越えられたら体力つきそう,如果能撑过又热人又多的祭典，体力好像能变好。
sud_vo_system_cidol-shro-3-004_home_cmmn-02,広,夏祭り、きっと人が多くて潰されちゃう。ね？,夏日祭，一定人很多，会被挤扁的。对吧？
sud_vo_system_cidol-shro-3-004_home_cmmn-03,広,夏場に倒れたら、カラカラに火からびちゃうかな,夏天要是倒下了，会不会被晒得干巴巴的呢。
sud_vo_system_cidol-shro-3-006_home_cmmn-01,広,クリスマスプレゼント、プロデューサーも欲しい？,圣诞礼物，制作人也想要吗？
sud_vo_system_cidol-shro-3-006_home_cmmn-02,広,プロデューサー、クリスマスパーティーしよう,制作人，来办圣诞派对吧。
sud_vo_system_cidol-shro-3-006_home_cmmn-03,広,雪、たくさん降るかな,雪会下很多吗。
sud_vo_system_cidol-shro-3-007_home_cmmn-01,広,プロデューサーと一緒なら、私が勝つよ,和制作人一起的话，我就能赢哦。
sud_vo_system_cidol-shro-3-007_home_cmmn-02,広,未来はちっとも明るくない。\nでも、そんな今が楽しい。,未来一点也不光明。\n但是，这样的现在很开心。
sud_vo_system_cidol-shro-3-007_home_cmmn-03,広,不思議\nプロデューサーと一緒ならできるかもって思える,真不可思议\n会觉得只要和制作人一起或许就能做到。
sud_vo_system_cidol-shro-3-008_home_cmmn-01,広,プロデューサーチョコ欲しい,制作人，我想要巧克力。
sud_vo_system_cidol-shro-3-008_home_cmmn-02,広,私、好きな人たちにチョコあげてみたい,我想试着给喜欢的人们送巧克力。
sud_vo_system_cidol-shro-3-008_home_cmmn-03,広,知ってる？逆チョコっていうのもあるんだって,你知道吗？听说还有叫“反向巧克力”的。
sud_vo_system_cidol-shro-3-009_home_cmmn-01,広,春一番で飛ばされないように捕まえておいてね,为了不被第一阵春风吹跑，要抓住我哦。
sud_vo_system_cidol-shro-3-009_home_cmmn-02,広,春の日差しで雪と一緒に溶けちゃうかも。,春天的阳光下，我可能会和雪一起融化。
sud_vo_system_cidol-shro-3-009_home_cmmn-03,広,無事に冬を越えられたら、一緒に出かけしよう,如果能平安过冬，就一起出门吧。
sud_vo_system_cidol-shro-3-010_home_cmmn-01,広,プロデューサー、お花見一緒に行こう,制作人，一起去看樱花吧。
sud_vo_system_cidol-shro-3-010_home_cmmn-02,広,あったかくてポカポカ\n眠くなるね,暖洋洋的\n让人犯困呢
sud_vo_system_cidol-shro-3-010_home_cmmn-03,広,私、プロデューサーと写真を撮りたい。,我想和制作人拍照。
sud_vo_system_cidol-shro-3-011_home_cmmn-01,広,私が定員\nうまくできるかな,我当店员\n能做好吗
sud_vo_system_cidol-shro-3-011_home_cmmn-02,広,一日、店内で立っていられるかが私の課題。,能不能在店里站上一整天，是我的课题。
sud_vo_system_cidol-shro-3-011_home_cmmn-03,広,アニメの脚力と私より動いててすごい。,动画里的脚力比我还能动，好厉害。
sud_vo_system_cidol-shro-3-012_home_cmmn-01,広,一緒に奇跡を起こしに行こう,一起去引发奇迹吧。
sud_vo_system_cidol-shro-3-012_home_cmmn-02,広,覚えてる。私を見てくれる人たちのこと。,我记得。记得那些愿意看着我的人们。
sud_vo_system_cidol-shro-3-012_home_cmmn-03,広,プロデューサーとの時間も、いつかきっと思い出すね,和制作人一起度过的时间，将来也一定会想起吧
sud_vo_system_cidol-shro-3-013_home_cmmn-01,広,私も精一杯叫ぶ,我也要拼命大喊。
sud_vo_system_cidol-shro-3-013_home_cmmn-02,広,おぼろに負けない勢量を出せるかが最大の課題,能否发挥出不输给胧的气势，是最大的课题。
sud_vo_system_cidol-shro-3-013_home_cmmn-03,広,かっこいい私に、こうご期待あれ,敬请期待帅气的我。
sud_vo_system_cidol-shro-3-014_home_cmmn-01,広,嬉しいことがあると、みんなに話したくなる。,一有开心的事，就会想告诉大家。
sud_vo_system_cidol-shro-3-014_home_cmmn-02,広,次のデートはどこに連れてってくれる？,下次约会会带我去哪里？
sud_vo_system_cidol-shro-3-014_home_cmmn-03,広,これからも波乱の人生を一緒に楽しもうね,今后也一起享受波澜起伏的人生吧。
sud_vo_system_cidol-shro-3-015_home_cmmn-01,広,がむしゃらに頑張るのはきっと苦しくて楽しい。ね？,不顾一切地努力，一定又辛苦又快乐。对吧？
sud_vo_system_cidol-shro-3-015_home_cmmn-02,広,はぁ\n何があっても大丈夫,唉\n无论发生什么都没关系。
sud_vo_system_cidol-shro-3-015_home_cmmn-03,広,みんなの応援するね\nふれーふれー,我会给大家加油的\n加油加油
sud_vo_system_cidol-shro-3-016_home_cmmn-01,広,チナのパートナーは、私。ふふん。,千奈的搭档，是我。哼哼。
sud_vo_system_cidol-shro-3-016_home_cmmn-02,広,私もシナに負けないくらい可愛い,我也可爱得不输给千奈。
sud_vo_system_cidol-shro-3-016_home_cmmn-03,広,これからもたくさん迷惑かけるから、よろしくね。,今后我也会给你添很多麻烦，请多关照哦。
sud_vo_system_cidol-shro-3-017_home_cmmn-01,広,私も踊り狂ってみたい,我也想试着尽情狂舞。
sud_vo_system_cidol-shro-3-017_home_cmmn-02,広,プロデューサーのビートを聞かせて,让我听听制作人的节奏。
sud_vo_system_cidol-shro-3-017_home_cmmn-03,広,一緒にいこう。私たちのユートピアへ。,一起走吧。去我们的乌托邦。
sud_vo_system_cidol-shro-3-018_home_cmmn-01,広,これからも私たちの思い出、たくさん作ろう、ね,今后也一起创造很多属于我们的回忆吧，好吗
sud_vo_system_cidol-shro-3-018_home_cmmn-02,広,プロデューサーはいつも私をドキドキさせてくる,制作人总是让我心跳加速。
sud_vo_system_cidol-shro-3-018_home_cmmn-03,広,あなたの大好きな夢\n分けてくれて\nありがとう,你最喜欢的梦想\n愿意分给我\n谢谢
sud_vo_system_cidol-shro-3-020_home_cmmn-01,広,あの曲を歌うなんて\nふふふ\nハードルが高すぎる,竟然要唱那首歌\n呵呵呵\n难度太高了
sud_vo_system_cidol-shro-3-020_home_cmmn-02,広,すごく可愛い曲\nちゃんと歌えるかな？,非常可爱的歌\n我能唱好吗？
sud_vo_system_cidol-shro-3-020_home_cmmn-03,広,プロデューサーもこの指止まれ,制作人也来一起吧。
sud_vo_system_cidol-shro-3-021_home_cmmn-01,広,私のアイス、半分をあげる。ね？,我的冰淇淋，分一半给你。好不好？
sud_vo_system_cidol-shro-3-021_home_cmmn-02,広,プロデューサー、私も眩しい,制作人，我也很耀眼。
sud_vo_system_cidol-shro-3-021_home_cmmn-03,広,夏が終わっても、私たちはずっと一緒だ。よ。,即使夏天结束，我们也一直在一起哦。
sud_vo_system_cidol-shro-3-022_home_cmmn-01,広,プロデューサーが思う私の新しい魅力、気になる,制作人眼中我新的魅力，我很在意。
sud_vo_system_cidol-shro-3-022_home_cmmn-02,広,今の私はわからないことだらけ。\nそれが楽しい。,现在的我满是不明白的事。\n这让我很开心。
sud_vo_system_cidol-shro-3-022_home_cmmn-03,広,私の目見て\n聖の字,我的眼睛，看着我\n“圣”这个字
sud_vo_system_cidol-shro-3-023_home_cmmn-01,広,真実の愛\n私も知りたい,真实的爱\n我也想知道。
sud_vo_system_cidol-shro-3-023_home_cmmn-02,広,私に誘惑されちゃった,你已经被我诱惑到了吧。
sud_vo_system_cidol-shro-3-023_home_cmmn-03,広,プロデューサーは特に私の虜だよね,制作人尤其被我迷住了呢
sud_vo_system_cidol-ssmk-3-000_home_cmmn-01,清夏,ピーチの背中も私がドーンと押してあげるからね！,P亲的后背也由我“咚——”地推你一把哦！
sud_vo_system_cidol-ssmk-3-000_home_cmmn-02,清夏,私の曲で誰かが一歩踏み出せたら最高じゃない？,如果有谁因为我的歌迈出一步，不是最棒吗？
sud_vo_system_cidol-ssmk-3-000_home_cmmn-03,清夏,テンション上がりすぎて、ずっと歌ってた気分~,情绪太高了，感觉一直在唱歌～
sud_vo_system_cidol-ssmk-3-001_home_cmmn-01,清夏,最高の夏の思い出、一緒に作ろうね！,一起创造最棒的夏日回忆吧！
sud_vo_system_cidol-ssmk-3-001_home_cmmn-02,清夏,夏はやっぱ上がる曲が歌いたいよね～,夏天果然想唱让人情绪高涨的歌吧～
sud_vo_system_cidol-ssmk-3-001_home_cmmn-03,清夏,ピーチをどんな夏にしたい？\nあ、真面目な答えは禁止？,想让P亲过个怎样的夏天？\n啊，不许正经回答？
sud_vo_system_cidol-ssmk-3-002_home_cmmn-01,清夏,私の歌で誰かに勇気をあげられたらいいよね,要是我的歌能给谁带来勇气就好了呢
sud_vo_system_cidol-ssmk-3-002_home_cmmn-02,清夏,まだビーチにも見せてない私がいたりして,说不定还有连P亲都没见过的我呢
sud_vo_system_cidol-ssmk-3-002_home_cmmn-03,清夏,ピーチも、私には素直な気持ち吐き出していいよ。,P亲也可以把真心话对我倾吐出来哦。
sud_vo_system_cidol-ssmk-3-003_home_cmmn-01,清夏,夏祭りはやっぱ浴衣着たいよね～\n着付けできないけど,夏日祭还是想穿浴衣吧～\n虽然不会穿。
sud_vo_system_cidol-ssmk-3-003_home_cmmn-02,清夏,今年は大きい花火が見たいなあ！\nとびっきり派手なやつ！,今年好想看大大的烟花啊！\n要特别华丽的那种！
sud_vo_system_cidol-ssmk-3-003_home_cmmn-03,清夏,ねえねえ、ビーチも浴衣姿にドキッとしちゃったりする？,哎哎，P亲看到浴衣打扮也会心跳加速吗？
sud_vo_system_cidol-ssmk-3-005_home_cmmn-01,清夏,ふふん、どんないたずらしようかなぁ~,哼哼，搞点什么恶作剧好呢～
sud_vo_system_cidol-ssmk-3-005_home_cmmn-02,清夏,ピーチも仮装しようよ！衣装は私が選んだゲレ！,P亲也来变装吧！衣服我来给你挑！
sud_vo_system_cidol-ssmk-3-005_home_cmmn-03,清夏,お菓子ちょうだい！手作りしてくれてもいいんだよ,给我点心！亲手做给我也可以哦
sud_vo_system_cidol-ssmk-3-006_home_cmmn-01,清夏,ピーチからのクリスマスプレゼントを期待しとくねー！,我会期待P亲送的圣诞礼物哦～！
sud_vo_system_cidol-ssmk-3-006_home_cmmn-02,清夏,クリスマスパーティーは外せないしょ！\nビーチも来る？,圣诞派对可不能错过！\nP亲也来吗？
sud_vo_system_cidol-ssmk-3-006_home_cmmn-03,清夏,雪が積もったらさ、雪が選手よ！負けないかね？,等下了雪啊，打雪仗我可不会输哦？
sud_vo_system_cidol-ssmk-3-007_home_cmmn-01,清夏,走り続けるよ。あの子の進む先には私がいなくちゃ。,我会继续跑下去。那孩子前进的路上，不能没有我。
sud_vo_system_cidol-ssmk-3-007_home_cmmn-02,清夏,私負けないよ。自分にも、他の誰にも。,我不会输的。不输给自己，也不输给任何人。
sud_vo_system_cidol-ssmk-3-007_home_cmmn-03,清夏,悩むこともたくさんあるけどさ。もっと強くならないとね。,虽然烦恼的事也很多啦。但我得更强才行呢。
sud_vo_system_cidol-ssmk-3-008_home_cmmn-01,清夏,ピーチ？バレンタイン期待しちゃっていいからね,P亲？情人节尽管期待就好了哦。
sud_vo_system_cidol-ssmk-3-008_home_cmmn-02,清夏,ビーチを微糖法？それとも甘いのが好き？,P亲是微糖派？还是喜欢甜口的？
sud_vo_system_cidol-ssmk-3-008_home_cmmn-03,清夏,地作りチョコとか、他の人にはあげないんだからね。,手工巧克力什么的，我可不会送给别人哦。
sud_vo_system_cidol-ssmk-3-009_home_cmmn-01,清夏,私が春を呼んだぎよ～\n春よ～来い来い！,是我把春天叫来的哦～\n春天啊～快来快来！
sud_vo_system_cidol-ssmk-3-009_home_cmmn-02,清夏,あったかくなってくると、やっぱ気分も上がるよね～,天气暖和起来，心情果然也会变好呢～
sud_vo_system_cidol-ssmk-3-009_home_cmmn-03,清夏,春服買いに行きたいなあ\nぴっちー！付き合ってよ！,好想去买春装啊\nP亲——！陪我去吧！
sud_vo_system_cidol-ssmk-3-010_home_cmmn-01,清夏,桜見に行こうよ！一緒に写真撮りたいじゃん？\n一緒に写真撮りたいじゃん？,去看樱花吧！想一起拍照吧？\n想一起拍照吧？
sud_vo_system_cidol-ssmk-3-010_home_cmmn-02,清夏,ピーチ！いい感じのお花見スポット知らない？,P亲！知不知道不错的赏花地点？
sud_vo_system_cidol-ssmk-3-010_home_cmmn-03,清夏,大事な思い出はちゃんと写真に残すときたいよね,重要的回忆要好好用照片保存下来才对呢。
sud_vo_system_cidol-ssmk-3-011_home_cmmn-01,清夏,可愛い女の子がいっぱいで、モチベ上がってきたわー！,可爱的女孩一大堆，动力都上来了啦～！
sud_vo_system_cidol-ssmk-3-011_home_cmmn-02,清夏,せっかくだから、おすすめのアニメとかあったら教えてよ！,难得有机会，要是有推荐的动画什么的就告诉我哦！
sud_vo_system_cidol-ssmk-3-011_home_cmmn-03,清夏,このアニメグッズ、リーリヤが持ってるやつじゃん！,这个动画周边，不就是莉莉娅有的那个吗！
sud_vo_system_cidol-ssmk-3-012_home_cmmn-01,清夏,ねえ、今私が何を考えてるか\nピッチならわかる？,哎，我现在在想什么\nP亲的话能懂吗？
sud_vo_system_cidol-ssmk-3-012_home_cmmn-02,清夏,いつもと違う私、見せてあげよっか！,给你看看和平时不一样的我吧！
sud_vo_system_cidol-ssmk-3-012_home_cmmn-03,清夏,ピーチの好み、もっと知りたいなあ,我好想再多了解P亲的喜好啊
sud_vo_system_cidol-ssmk-3-013_home_cmmn-01,清夏,カッコよく歌い上げて、みんなを驚かせちゃおうかな～,帅气地高歌一曲，把大家都吓一跳吧～
sud_vo_system_cidol-ssmk-3-013_home_cmmn-02,清夏,歌うと迷いを振り払える気がして、好きな曲かも！,感觉一唱歌就能甩开迷茫，说不定是我喜欢的歌！
sud_vo_system_cidol-ssmk-3-013_home_cmmn-03,清夏,燃え尽きるまで全力で歌ったら、スッキリしそうだよね～,要是拼尽全力唱到燃尽，感觉会很痛快吧～
sud_vo_system_cidol-ssmk-3-014_home_cmmn-01,清夏,また私のことを連れ回してもいいよ,你可以再带着我到处转哦。
sud_vo_system_cidol-ssmk-3-014_home_cmmn-02,清夏,私をからかうのはほどほどにしときなよ～,捉弄我也要适可而止哦～
sud_vo_system_cidol-ssmk-3-014_home_cmmn-03,清夏,なんかビッチって私のこと超詳しいよね？,话说P亲，你对我的事超了解呢？
sud_vo_system_cidol-ssmk-3-015_home_cmmn-01,清夏,私も全力で頑張ってみちゃおっかなぁ~,我也试着全力以赴一下吧～
sud_vo_system_cidol-ssmk-3-015_home_cmmn-02,清夏,ビーチもたまには思いっきり羽目を外してはしゃごうよ！,P亲偶尔也尽情放开疯玩一场吧！
sud_vo_system_cidol-ssmk-3-015_home_cmmn-03,清夏,みんなで肩組んで歌ったら絶対楽しいと思うんだよね,大家一起搭着肩唱歌的话，一定会很开心吧。
sud_vo_system_cidol-ssmk-3-016_home_cmmn-01,清夏,思いっきりダンスホールを揺らしちゃおう！,尽情把舞池嗨翻吧！
sud_vo_system_cidol-ssmk-3-016_home_cmmn-02,清夏,ピーチも私の虜になっちゃった？,P亲也成了我的俘虏啦？
sud_vo_system_cidol-ssmk-3-016_home_cmmn-03,清夏,みんなを狂わせる勢いで行くから、覚悟してよ！,我会用让大家都疯狂的劲头冲，做好觉悟吧！
sud_vo_system_cidol-ssmk-3-017_home_cmmn-01,清夏,ふたりでステージに立てるなんて、ほんと夢みたいだよ！,我们两个能一起站上舞台，真的像做梦一样！
sud_vo_system_cidol-ssmk-3-017_home_cmmn-02,清夏,リーリヤがいて、ティッチもいてくれるんだから、最強ぜ！,有莉莉娅在，也有P亲在，我们就是最强的啦！
sud_vo_system_cidol-ssmk-3-017_home_cmmn-03,清夏,リーリヤが無理しないように、ビーチも一緒に監視してね！,为了不让莉莉娅太勉强，P亲也一起盯着她哦！
sud_vo_system_cidol-ssmk-3-018_home_cmmn-01,清夏,みんなに勇気をあげれ！プリマステラになるからね！,给大家勇气！因为我要成为Prima Stella的！
sud_vo_system_cidol-ssmk-3-018_home_cmmn-02,清夏,ピーチと言える時、クラスの子に見られてる気がする。,和P亲说话的时候，总觉得被班里的同学看着。
sud_vo_system_cidol-ssmk-3-018_home_cmmn-03,清夏,初星学園の効果だもん。 ピーチも歌えるよね？,这是初星学园的效果啦。P亲也会唱吧？
sud_vo_system_cidol-ssmk-3-020_home_cmmn-01,清夏,私があの曲を歌えるなんて、全然実感はあかないわー！,我竟然能唱那首歌，真是一点实感都没有啊——！
sud_vo_system_cidol-ssmk-3-020_home_cmmn-02,清夏,自然と前向きな気持ちになれる、めっちゃいい曲だよね！,能让人自然而然地变得积极向上，超棒的曲子呢！
sud_vo_system_cidol-ssmk-3-020_home_cmmn-03,清夏,一番好きって思えるような私になるから、見ててね！,我会成为能让自己觉得“最喜欢”的我，要看着我哦！
sud_vo_system_cidol-ssmk-3-021_home_cmmn-01,清夏,夏って眩しくてちょっと切ない季節だよね,夏天是个耀眼又有些感伤的季节呢
sud_vo_system_cidol-ssmk-3-021_home_cmmn-02,清夏,私がどんな表情してるか、ちゃんと見てる？,我是什么表情，你在好好看吗？
sud_vo_system_cidol-ssmk-3-021_home_cmmn-03,清夏,ビーチはどこにも行ったりしないよね？,P亲哪里都不会去吧？
sud_vo_system_cidol-ssmk-3-022_home_cmmn-01,清夏,私もピーチを誘惑しちゃうぞ～なんて,我也来诱惑一下P亲哦～什么的
sud_vo_system_cidol-ssmk-3-022_home_cmmn-02,清夏,ピーチも私の虜になっちゃってたりして？,说不定P亲也成了我的俘虏？
sud_vo_system_cidol-ssmk-3-022_home_cmmn-03,清夏,ビーチにいたずらしちゃおうかなー。怖かまだもん。,要不要对P亲搞点恶作剧呢。反正我才不怕。
sud_vo_system_cidol-ttmr-3-000_home_cmmn-01,手毬,全新鮮麗の歌\nちゃんと聞いてて,倾尽全力的歌\n好好听着
sud_vo_system_cidol-ttmr-3-000_home_cmmn-02,手毬,臆病とか自立体とか、私と真逆だね。,胆怯啦自立啦，都跟我正相反呢。
sud_vo_system_cidol-ttmr-3-000_home_cmmn-03,手毬,ルナの意味は月。\n私の曲なんだ。,Luna的意思是月亮。\n这是我的歌。
sud_vo_system_cidol-ttmr-3-001_home_cmmn-01,手毬,一人でも大丈夫です,一个人也没问题。
sud_vo_system_cidol-ttmr-3-001_home_cmmn-02,手毬,私は流れて消える星にはならない,我不会成为转瞬即逝的星星。
sud_vo_system_cidol-ttmr-3-001_home_cmmn-03,手毬,私らしくカッコよく歌ってみせる,我会用我的方式帅气地唱给你看。
sud_vo_system_cidol-ttmr-3-002_home_cmmn-01,手毬,お菓子、用意しておいてくださいね。,请准备好点心哦。
sud_vo_system_cidol-ttmr-3-002_home_cmmn-02,手毬,好きなお菓子はチョコレートとクッキーです。,喜欢的点心是巧克力和曲奇。
sud_vo_system_cidol-ttmr-3-002_home_cmmn-03,手毬,私に似合う仮装って…なんだろう？,适合我的变装……是什么呢？
sud_vo_system_cidol-ttmr-3-003_home_cmmn-01,手毬,夏休み？浮かれてる暇なんてありませんから。,暑假？我可没有时间玩乐。
sud_vo_system_cidol-ttmr-3-003_home_cmmn-02,手毬,べ、別に水着のためにダイエットしてるわけじゃ。,才、才不是为了泳装才减肥的呢。
sud_vo_system_cidol-ttmr-3-003_home_cmmn-03,手毬,夏はスタミナのつく食べ物がいいらしいし、少しのろ…,听说夏天适合吃能增强体力的食物，所以稍微……
sud_vo_system_cidol-ttmr-3-004_home_cmmn-01,手毬,夏祭りは行きません。\n出店は誘惑が多いから。,夏日祭我不去。\n路边摊诱惑太多了。
sud_vo_system_cidol-ttmr-3-004_home_cmmn-02,手毬,この夏で、周りと差をつけてみせます！,这个夏天，我要和周围拉开差距给你看！
sud_vo_system_cidol-ttmr-3-004_home_cmmn-03,手毬,花火の音にかき消されないように歌わないと,得唱得不被烟花声盖过去才行。
sud_vo_system_cidol-ttmr-3-006_home_cmmn-01,手毬,プロデューサーはクリスマスの予定なんてないですよね,制作人，你圣诞节没什么安排对吧。
sud_vo_system_cidol-ttmr-3-006_home_cmmn-02,手毬,クリスマスソングでも歌ってあげましょうか,要不要我给你唱首圣诞歌？
sud_vo_system_cidol-ttmr-3-006_home_cmmn-03,手毬,クリスマスケーキくらいは許されるはず。特別な日だし。,圣诞蛋糕这种程度应该能被允许吧。\n毕竟是个特别的日子。
sud_vo_system_cidol-ttmr-3-007_home_cmmn-01,手毬,証明してやりたいんです。\n立派に独り立ちしたぞって。,我想证明给他们看。\n我能好好独立了。
sud_vo_system_cidol-ttmr-3-007_home_cmmn-02,手毬,全力で駆け抜けて、全員追い抜いてやります！,我会全力冲刺，把所有人都甩在身后！
sud_vo_system_cidol-ttmr-3-007_home_cmmn-03,手毬,勝利を譲る気なんて、一ミリもありません。,把胜利让给别人的想法，连一毫米都没有。
sud_vo_system_cidol-ttmr-3-008_home_cmmn-01,手毬,バレンタイン？\n私は別に期待とかしてないですから。,情人节？\n我并没有特别期待什么。
sud_vo_system_cidol-ttmr-3-008_home_cmmn-02,手毬,プロデューサーは...\nショコとか欲しいの？,制作人……\n你想要巧克力什么的吗？
sud_vo_system_cidol-ttmr-3-008_home_cmmn-03,手毬,ちょこの作り方教えてもらおうかな,要不请人教我巧克力的做法吧。
sud_vo_system_cidol-ttmr-3-009_home_cmmn-01,手毬,やっと、外でトレーニングしやすい季節になりますね。,终于到了适合在户外训练的季节了呢。
sud_vo_system_cidol-ttmr-3-009_home_cmmn-02,手毬,春限定スイーツとか、なんでこんなに誘惑が多いの？,春季限定甜点什么的，为什么诱惑这么多啊？
sud_vo_system_cidol-ttmr-3-009_home_cmmn-03,手毬,季節の変わり目だからって、風邪ひかないでくださいね。,虽说正值换季，也请不要感冒哦。
sud_vo_system_cidol-ttmr-3-010_home_cmmn-01,手毬,桜を見に行くなら、付き合ってあげてもいいですよ。,如果要去看樱花，我也不是不能陪你去。
sud_vo_system_cidol-ttmr-3-010_home_cmmn-02,手毬,お花見は静かな場所がいいです。\n屋台があると誘惑が。,赏花还是安静的地方好。\n有摊贩的话就会有诱惑。
sud_vo_system_cidol-ttmr-3-010_home_cmmn-03,手毬,桜餅。\nつぶあんとこしあんどっち派ですか？,樱花饼。\n带颗粒的红豆沙和细红豆沙，你喜欢哪种？
sud_vo_system_cidol-ttmr-3-011_home_cmmn-01,手毬,私を選んだこと、勝ち誇っていいですよ。,你选择了我，为此得意一下也没关系哦。
sud_vo_system_cidol-ttmr-3-011_home_cmmn-02,手毬,先には、職へのこだわりをもっと理解してもらわないと。,首先得让别人更理解我对职业的执着。
sud_vo_system_cidol-ttmr-3-011_home_cmmn-03,手毬,たまには誰かと歌うのもいいかもね。,偶尔和别人一起唱歌也许不错呢。
sud_vo_system_cidol-ttmr-3-012_home_cmmn-01,手毬,私が一日定員\n責任だと思います,我当一日店员\n我觉得这是责任。
sud_vo_system_cidol-ttmr-3-012_home_cmmn-02,手毬,心配しなくても、接客くらいちゃんとこなせますから。,就算不担心，接待客人这种事我也能做好。
sud_vo_system_cidol-ttmr-3-012_home_cmmn-03,手毬,アニメの主題歌。\n歌ってみたくなりますね。,动画的主题曲。\n会让人想唱唱看呢。
sud_vo_system_cidol-ttmr-3-013_home_cmmn-01,手毬,歌ってきます。私の中にある渇望を。,我去唱了。把我心中的渴望唱出来。
sud_vo_system_cidol-ttmr-3-013_home_cmmn-02,手毬,私の歌声で\n全員ねじ伏せてきます！,我要用我的歌声\n把所有人都压服！
sud_vo_system_cidol-ttmr-3-013_home_cmmn-03,手毬,声が枯れるくらい全力で歌ったら気持ちいいだろうね,唱到声音沙哑那样全力唱歌，一定很痛快吧。
sud_vo_system_cidol-ttmr-3-014_home_cmmn-01,手毬,私はいつだって絶好調ですよ,我无论何时都状态绝佳哦。
sud_vo_system_cidol-ttmr-3-014_home_cmmn-02,手毬,プロデューサーも、コールは全力でやってくださいね！,制作人也要全力参与互动喊话哦！
sud_vo_system_cidol-ttmr-3-014_home_cmmn-03,手毬,歌ってると明るい気持ちになれる楽しい曲ですよね,这是一首唱起来就能变得开朗愉快的歌，对吧。
sud_vo_system_cidol-ttmr-3-015_home_cmmn-01,手毬,担当アイドルの話はしっかり聞くべきだと思いますよ。,我觉得你应该好好听自己负责偶像的话。
sud_vo_system_cidol-ttmr-3-015_home_cmmn-02,手毬,これからも\nこれでいいんだって\n思わせてくださいね,今后也\n请让我觉得\n这样就好。
sud_vo_system_cidol-ttmr-3-015_home_cmmn-03,手毬,プロデューサーの機嫌なんてすぐに直してあげますから,制作人的心情，我马上就能帮你变好。
sud_vo_system_cidol-ttmr-3-016_home_cmmn-01,手毬,当然、プロデューサーにもとことん頼るつもりでいますから。,当然，我也打算彻底依赖制作人。
sud_vo_system_cidol-ttmr-3-016_home_cmmn-02,手毬,私の歌で証明します。\n月村手回りが一番だって。,我会用我的歌来证明。\n月村手毬才是最棒的。
sud_vo_system_cidol-ttmr-3-016_home_cmmn-03,手毬,あなたのことも連れて行きます。\n一番高いところまで。,我也会带上你。\n直到最高的地方。
sud_vo_system_cidol-ttmr-3-017_home_cmmn-01,手毬,全員、私の歌の虜にしてみせますよ。,我会让所有人都成为我的歌声的俘虏。
sud_vo_system_cidol-ttmr-3-017_home_cmmn-02,手毬,プロデューサーのおかげで最近の私、絶好調なんです。,多亏了制作人，最近的我状态超好。
sud_vo_system_cidol-ttmr-3-017_home_cmmn-03,手毬,観客を煽りながら歌ったら、盛り上がりそうな曲ですよね。,一边带动观众一边唱的话，感觉会是很热闹的歌对吧。
sud_vo_system_cidol-ttmr-3-018_home_cmmn-01,手毬,私が目指すもの\nわかってもらえてよかったです,我追求的目标\n能得到理解真是太好了。
sud_vo_system_cidol-ttmr-3-018_home_cmmn-02,手毬,いつか聞かせてあげます。\n私をクールと呼ぶ人たちの声を。,总有一天我会让你听到。\n那些说我高冷的人的声音。
sud_vo_system_cidol-ttmr-3-018_home_cmmn-03,手毬,もっと私に対する態度を改めたほうがいいと思いますよ,我觉得你最好再改改对我的态度。
sud_vo_system_cidol-ttmr-3-020_home_cmmn-01,手毬,あの曲を歌えるなんて\nみんなに自慢して回りたい気分です！,能唱那首歌，\n真想四处向大家炫耀！
sud_vo_system_cidol-ttmr-3-020_home_cmmn-02,手毬,私の歌、ナムコプロの方々にも聞いてもらえるかな？,我的歌，也能让Namco Pro的各位听到吗？
sud_vo_system_cidol-ttmr-3-020_home_cmmn-03,手毬,GO MY WAY\nGo MY WAY\n（笑）,GO MY WAY\nGo MY WAY\n（笑）
sud_vo_system_cidol-ttmr-3-021_home_cmmn-01,手毬,あなたと過ごした非日常も、全部歌に込めます。,和你一起度过的非日常，我也会全部唱进歌里。
sud_vo_system_cidol-ttmr-3-021_home_cmmn-02,手毬,プロデューサーも覚えててください。あの時間のこと。,制作人也请记住。记住那段时光。
sud_vo_system_cidol-ttmr-3-021_home_cmmn-03,手毬,ダメ元でもお願いしてみるものですね。,就算觉得不行，试着拜托一下也是值得的呢。
sud_vo_system_cidol-ttmr-3-022_home_cmmn-01,手毬,私の歌で、誰もを鶏子にしてみせますよ。,我要用我的歌，把所有人都变成俘虏。
sud_vo_system_cidol-ttmr-3-022_home_cmmn-02,手毬,見たされたい気持ちは、私もわかります。,渴望被满足的心情，我也明白。
sud_vo_system_cidol-ttmr-3-022_home_cmmn-03,手毬,小悪魔らしい振る舞い。私にもできますから。,小恶魔般的举止。\n我也做得来。
sud_vo_system_fktn_home_birthday-01,ことね,誕生日おめでとうございまーす！,生日快乐——！
sud_vo_system_fktn_home_cmmn-01,ことね,あのう、忙しそうですけど、ちゃんと休んでます？,那个，您看起来挺忙的，有好好休息吗？
sud_vo_system_fktn_home_cmmn-02,ことね,少しでも稼ぐ！これは譲れません！,哪怕多赚一点是一点！这个我绝不让步！
sud_vo_system_fktn_home_cmmn-03,ことね,明日はボーカルレッスンか～！\n頑張ります！,明天是声乐课啊～！\n我会加油的！
sud_vo_system_fktn_home_cmmn-04,ことね,目指せ大金持ち！！\nって、聞けちゃいました？,目标是成为大富翁！！\n啊，被你听到了？
sud_vo_system_fktn_home_cmmn-05,ことね,実は会長のこと、ちょっぴり苦手なんですよね～,其实我有点不擅长应付会长呢～
sud_vo_system_fktn_home_cmmn-06,ことね,最後までちゃんと面倒を見てくださいね！,请好好照顾我到最后哦！
sud_vo_system_fktn_home_cmmn-07,ことね,可愛さの秘訣はですね\n秘密です！,可爱的秘诀啊\n是秘密！
sud_vo_system_fktn_home_cmmn-08,ことね,子供の相手は得意なんです。家で慣れてますから。,我很擅长应付小孩子。在家已经习惯了。
sud_vo_system_fktn_home_cmmn-09,ことね,このチャンス、絶対逃さないぞ！,这个机会，我绝对不会放过！
sud_vo_system_fktn_home_cmmn-10,ことね,放課後はバイト行ってきまーす！,放学后我打工去啦——！
sud_vo_system_fktn_home_cmmn-11,ことね,はぁ~\nはぁ~お疲れ様です~,哈啊～\n哈啊～辛苦了～
sud_vo_system_fktn_home_cmmn-12,ことね,本当にバイトより稼げるんですよね！,真的能比打工赚得还多吧！
sud_vo_system_fktn_home_cmmn-13,ことね,おかげさまで隊長罰です！,托您的福，大成功！
sud_vo_system_fktn_home_cmmn-14,ことね,プロデューサー、早く次のお仕事ください！,制作人，快点给我下一个工作！
sud_vo_system_fktn_home_cmmn-15,ことね,ちびどもへのお土産、何がいいと思います？,你觉得给小家伙们带什么土特产好？
sud_vo_system_fktn_home_cmmn-16,ことね,プロデューサー！\n遊園地楽しかったですね！,制作人！\n游乐园真好玩呢！
sud_vo_system_fktn_home_cmmn-17,ことね,へへへ\n結構お金貯まってきたんです,嘿嘿嘿\n钱已经攒得挺多了呢。
sud_vo_system_fktn_home_cmmn-18,ことね,はーい！呼びました？,来啦——！你叫我了吗？
sud_vo_system_fktn_home_cmmn-19,ことね,もしかして、お仕事のお話ですか？,难道说，是要谈工作吗？
sud_vo_system_fktn_home_cmmn-20,ことね,一緒に、お話しちゃいます？,要不要一起聊聊？
sud_vo_system_fktn_home_cmmn-21,ことね,これまでのことですか？大したこと話せませんけど,你问至今为止的事吗？虽然没什么大不了的可讲。
sud_vo_system_fktn_home_cmmn-22,ことね,張り切っていきましょう！,让我们干劲满满地上吧！
sud_vo_system_fktn_home_cmmn-23,ことね,私が一番可愛いですよね？,我是最可爱的，对吧？
sud_vo_system_fktn_home_cmmn-24,ことね,そんなに私のこと気になります？,你就那么在意我吗？
sud_vo_system_fktn_home_cmmn-25,ことね,少しお成績上がってるんですかね？,成绩是不是稍微上升了点呢？
sud_vo_system_fktn_home_cmmn-26,ことね,おぼろがこれで終わったなんて、思わないでくださいね！,别以为“胧”会就这样结束哦！
sud_vo_system_fktn_home_cmmn-27,ことね,全部私のものにしますから、覚悟しててくださいね！,我会把一切都变成我的，你做好觉悟吧！
sud_vo_system_fktn_home_cmmn-28,ことね,なりますよ～\nみんなを幸せにする\n億万長者のアイドルに！,我会成为的哦～\n成为让大家幸福的\n亿万富翁偶像！
sud_vo_system_fktn_home_cmmn-29,ことね,さっきのやつ！\n走るの早すぎて一緒に走る意味ないんですけど！,刚才那个！\n跑得太快了，一起跑根本没意义嘛！
sud_vo_system_fktn_home_cmmn-30,ことね,私、四時からランニングしてきたんです。\nってことで、ご褒美ください！,我从四点开始跑步跑到现在。\n所以，请给我奖励！
sud_vo_system_fktn_home_touch-01,ことね,はっきり言ってくれないと、めっちゃ怖いんですけど！,你要是不能把话说清楚，我会很害怕的啦！
sud_vo_system_fktn_home_touch-02,ことね,もう、私のこと好きすぎでしょ？,真是的，你是不是太喜欢我了？
sud_vo_system_fktn_home_transition-01,ことね,おはようございます！プロデューサー！,早上好！制作人！
sud_vo_system_fktn_home_transition-02,ことね,今日も一日頑張りましょう！,今天也一起努力一整天吧！
sud_vo_system_fktn_home_transition-03,ことね,どうも！プロデューサーもお昼です？,你好！制作人也到午餐时间了吗？
sud_vo_system_fktn_home_transition-04,ことね,お弁当で元気チャージして、午後も頑張ります！,用便当充满元气，下午也要加油！
sud_vo_system_fktn_home_transition-05,ことね,さてさて、こっからが本番ですよね！,好啦好啦，接下来才是重头戏呢！
sud_vo_system_fktn_home_transition-06,ことね,かわいい担当アイドルとの時間がはじまりますよ～,与可爱的担当偶像共度的时间要开始了哦～
sud_vo_system_fktn_home_transition-07,ことね,お疲れ様です！,辛苦了！
sud_vo_system_fktn_home_transition-08,ことね,今日もあとちょっと頑張りましょう！,今天也再稍微努力一下吧！
sud_vo_system_fktn_home_transition-09,ことね,明けおめでとう！今年もお願いしますね！,新年快乐！今年也请多关照哦！
sud_vo_system_fktn_home_transition-10,ことね,プロデュースだー！チョコ欲しいですかー！,制作人——！想要巧克力吗——！
sud_vo_system_fktn_home_transition-11,ことね,お仕事くれないといたずらしちゃいますよー！,不给我工作的话，我就要恶作剧了哦——！
sud_vo_system_fktn_home_transition-12,ことね,えへへ\nクリスマスまでプロデューサーと一緒ですね,诶嘿嘿\n到圣诞节前都和制作人在一起呢。
sud_vo_system_fktn_home_transition-13,ことね,プロデューサー、今年一年ありがとうございました！,制作人，谢谢你这一整年！
sud_vo_system_fktn_home_transition-14,ことね,来ました！\n春限定メニューという名の販売機が！！！,来了！\n名为春季限定菜单的售货机！！！
sud_vo_system_fktn_home_transition-15,ことね,プロデューサー、お花見行きましょうよ！,制作人，我们去赏花吧！
sud_vo_system_fktn_home_transition-16,ことね,もう外でレッスンしても寒くなさそうですね,感觉在外面练习也不会冷了。
sud_vo_system_fktn_home_transition-17,ことね,プロデューサー、もっと冷房強くならないんですか？,制作人，冷气不能再开强一点吗？
sud_vo_system_fktn_home_transition-18,ことね,真夏の着ぐるみバイトはさすがに,盛夏的玩偶装打工，还是太那个了……
sud_vo_system_fktn_home_transition-19,ことね,最近、ちびどもが海行きたいってうるさいんですよ。,最近小家伙们一直吵着要去海边。
sud_vo_system_fktn_home_transition-20,ことね,フルーツゴリって、いくつ取れたらお得なんですかね？,抓水果猩猩要抓几个才算划算呢？
sud_vo_system_fktn_home_transition-21,ことね,働きやすい気温になってきましたねー,气温变得适合工作了呢——
sud_vo_system_fktn_home_transition-22,ことね,プロデューサー！お仕事の秋が来ましたよ！,制作人！工作的秋天来了哦！
sud_vo_system_fktn_home_transition-23,ことね,寒いからって、外でのお仕事を減らしちゃダメですよ！\n外でのお仕事を減らしちゃダメですよ！,不能因为天冷就减少室外工作哦！\n不能减少室外工作哦！
sud_vo_system_fktn_home_transition-24,ことね,プロリューサー！あったかい衣装ください！,制作人！请给我暖和的服装！
sud_vo_system_fktn_home_transition-25,ことね,風には気をつけてくださいね,请小心别感冒哦。
sud_vo_system_hmsz_home_birthday-01,美鈴,お誕生日おめでとうございます！プロデューサー,生日快乐！制作人
sud_vo_system_hmsz_home_cmmn-01,美鈴,プロデューサーはどんな料理がお好きですか？,制作人，您喜欢什么样的料理呢？
sud_vo_system_hmsz_home_cmmn-02,美鈴,まりちゃん、お腹を空かせていないでしょうか？,小毬会不会肚子饿了呢？
sud_vo_system_hmsz_home_cmmn-03,美鈴,背伸びをしても疲れてしまうだけですよ,即使逞强也只会让自己累坏哦。
sud_vo_system_hmsz_home_cmmn-04,美鈴,のんびりと高いところへ歩いていきましょう,悠闲地往高处走吧。
sud_vo_system_hmsz_home_cmmn-05,美鈴,篠澤さんからは、ある意味目が離せません。,从某种意义上来说，筱泽同学让人无法移开视线。
sud_vo_system_hmsz_home_cmmn-06,美鈴,さらさら、一緒に息抜きしましょう。,来吧，一起放松一下吧。
sud_vo_system_hmsz_home_cmmn-07,美鈴,生徒会のお仕事は、はだはだに。,学生会的工作，适可而止就好。
sud_vo_system_hmsz_home_cmmn-08,美鈴,プロデューサーのお世話でしたら、いつでも,如果是照顾制作人，我随时都可以。
sud_vo_system_hmsz_home_cmmn-09,美鈴,ふふふ\nお昼寝の共犯者ですね,呵呵呵\n我们就是午睡的共犯呢。
sud_vo_system_hmsz_home_cmmn-10,美鈴,親友として、あの子に自滅なんかさせません。,作为挚友，我不会让那孩子自取灭亡的。
sud_vo_system_hmsz_home_cmmn-11,美鈴,私が問題児だなんてひどいです,说我是问题儿童，太过分了。
sud_vo_system_hmsz_home_cmmn-12,美鈴,最近、何やら不思議なものを調べているとか…,听说最近在调查什么不可思议的东西……
sud_vo_system_hmsz_home_cmmn-13,美鈴,全てを込めて歌ってみます,我会倾尽一切去唱。
sud_vo_system_hmsz_home_cmmn-14,美鈴,まりちゃんのグッズは当然すべて持っています。,小毬的周边我当然全都有。
sud_vo_system_hmsz_home_cmmn-15,美鈴,早歩きもたまにはいいものですね,偶尔快走一下也不错呢。
sud_vo_system_hmsz_home_cmmn-16,美鈴,まるで昔に戻れたみたいです。,简直像是回到了从前一样。
sud_vo_system_hmsz_home_cmmn-17,美鈴,太陽を追い越し、一緒にあくびをしましょうね。,超越太阳之后，一起打个哈欠吧。
sud_vo_system_hmsz_home_cmmn-18,美鈴,はい、どうしましたか？,是，怎么了？
sud_vo_system_hmsz_home_cmmn-19,美鈴,あら、お説教されてしまうのでしょうか。,哎呀，我这是要被说教了吗？
sud_vo_system_hmsz_home_cmmn-20,美鈴,いろいろなことがありました,发生了许多事情。
sud_vo_system_hmsz_home_cmmn-21,美鈴,ゆっくりお話ししませんか？,要不要悠闲地聊一聊呢？
sud_vo_system_hmsz_home_cmmn-22,美鈴,ほどほどに頑張りましょう,适度地努力吧。
sud_vo_system_hmsz_home_cmmn-23,美鈴,私らしく歌ってきます,我会以自己的方式去唱。
sud_vo_system_hmsz_home_cmmn-24,美鈴,まあ、私に興味が？,哎呀，您对我感兴趣吗？
sud_vo_system_hmsz_home_cmmn-25,美鈴,レッスンへの出席率は\n秘密です,训练的出席率\n保密。
sud_vo_system_hmsz_home_cmmn-26,美鈴,生涯最高の日を迎えるときは、きっとあなたと一緒ですよ。,迎来一生中最美好的一天时，我一定和你在一起哦。
sud_vo_system_hmsz_home_cmmn-27,美鈴,プロデューサー、あなたの入れたお茶が飲みたいです。,制作人，我想喝您泡的茶。
sud_vo_system_hmsz_home_cmmn-28,美鈴,あなたが隣にいてくれるから\nこの先の道が楽しみです,因为有你在我身边\n我很期待今后的路。
sud_vo_system_hmsz_home_cmmn-29,美鈴,今日は咲希さんに誘われて早起きをしたので、気持ちよくお昼寝できそうです。,今天受咲希同学邀请起了个大早，所以应该能舒舒服服地午睡。
sud_vo_system_hmsz_home_cmmn-30,美鈴,今朝は四時に起きて走ってきたんです。\nまあ、信じられないという顔ですね。,我今天早上四点起来去跑步了。\n哎呀，你露出一脸难以置信的表情呢。
sud_vo_system_hmsz_home_touch-01,美鈴,まあ\n何かあったのですか？,哎呀\n发生什么事了吗？
sud_vo_system_hmsz_home_touch-02,美鈴,さすがに少し照れてしまいます。,毕竟我还是会有点害羞的。
sud_vo_system_hmsz_home_transition-01,美鈴,おはようございます,早上好。
sud_vo_system_hmsz_home_transition-02,美鈴,いつも通り焦らず着実に,像往常一样，不焦不躁，脚踏实地。
sud_vo_system_hmsz_home_transition-03,美鈴,そろそろお昼にしませんか？,差不多该吃午饭了吧？
sud_vo_system_hmsz_home_transition-04,美鈴,今日はどこでお昼寝をしましょう？,今天要在哪里午睡呢？
sud_vo_system_hmsz_home_transition-05,美鈴,もしかして、レッスンのお誘いでしょうか。,莫非，是来邀请我去训练的吗？
sud_vo_system_hmsz_home_transition-06,美鈴,プロデューサー、待っていましたよ,制作人，我一直在等您哦。
sud_vo_system_hmsz_home_transition-07,美鈴,プロデューサーも頑張り過ぎてはいけませんよ,制作人也不能太拼命哦。
sud_vo_system_hmsz_home_transition-08,美鈴,今日はもう少しだけお付き合いしますね。,今天我就再多陪您一会儿吧。
sud_vo_system_hmsz_home_transition-09,美鈴,プロデューサー、明けましておめでとうございます。,制作人，新年快乐。
sud_vo_system_hmsz_home_transition-10,美鈴,もちろん、チョコレートは用意していますよ。,当然，巧克力我已经准备好了哦。
sud_vo_system_hmsz_home_transition-11,美鈴,お菓子がなければ、いたずらしてしまいますよ。,如果没有点心的话，我可要捣蛋了哦。
sud_vo_system_hmsz_home_transition-12,美鈴,[笑]\nサンタさんですよ。お願いよどうぞ。,[笑]\n是圣诞老人哦。请许愿吧。
sud_vo_system_hmsz_home_transition-13,美鈴,今年は大変お世話になりました。,今年非常感谢您的关照。
sud_vo_system_hmsz_home_transition-14,美鈴,暖かくて、どこで寝ても心地が良いですね。,暖烘烘的，在哪儿都能睡得舒服呢。
sud_vo_system_hmsz_home_transition-15,美鈴,桜が散る前に、お散歩に行きませんか？,要不要在樱花凋谢之前去散散步呢？
sud_vo_system_hmsz_home_transition-16,美鈴,今日のお茶菓子は、さくら餅などいかがでしょう？,今天的茶点，来点樱饼之类的如何？
sud_vo_system_hmsz_home_transition-17,美鈴,涼しくなるまではゆっくりしていましょう,到变凉快之前，就悠闲地待着吧。
sud_vo_system_hmsz_home_transition-18,美鈴,風が通る木陰は夏のお昼寝にぴったりですよ,有风吹过的树荫，最适合夏天午睡了哦。
sud_vo_system_hmsz_home_transition-19,美鈴,お祭りなら、着付けはお任せください。,祭典的话，穿和服就交给我吧。
sud_vo_system_hmsz_home_transition-20,美鈴,秋の味覚、食欲の秋。料理が捗ります。,秋天的美味，食欲之秋。做饭也更有干劲了。
sud_vo_system_hmsz_home_transition-21,美鈴,涼しくて歩きやすい。とてもいい季節ですね。,又凉爽又适合散步。真是个很好的季节呢。
sud_vo_system_hmsz_home_transition-22,美鈴,私の秋は眠りの秋でしょうか,我的秋天，或许是睡眠之秋吧。
sud_vo_system_hmsz_home_transition-23,美鈴,この季節はお布団が離してくれなくて,这个季节，被子不肯放开我呢。
sud_vo_system_hmsz_home_transition-24,美鈴,私の手は暖かいですよ,我的手可是很暖和的哦。
sud_vo_system_hmsz_home_transition-25,美鈴,雪の日は曇りに入りますか？,下雪天要钻进被炉里吗？
sud_vo_system_hrnm_home_birthday-01,莉波,ハッピーバースデーだね、プロデューサーくん,生日快乐呀，制作人君。
sud_vo_system_hrnm_home_cmmn-01,莉波,プロデューサーくん、そろそろ休憩しない？,制作人君，差不多该休息一下了吧？
sud_vo_system_hrnm_home_cmmn-02,莉波,君の方が年上だけど、やっぱり弟くんって感じかな？,虽然你年纪比我大，但感觉还是像弟弟呢。
sud_vo_system_hrnm_home_cmmn-03,莉波,もうお姉ちゃんって呼んでくれないの？,已经不再叫我姐姐了吗？
sud_vo_system_hrnm_home_cmmn-04,莉波,やっぱり、アイドル、諦めたくないんだ。,果然，我还是不想放弃当偶像。
sud_vo_system_hrnm_home_cmmn-05,莉波,まおはしっかり者でね。私よりよっぽどお姉さんかも。,麻央她很稳重呢。说不定比我更像姐姐。
sud_vo_system_hrnm_home_cmmn-06,莉波,あ、服、ほつれちゃってるよ。\nえっと、お裁縫セットは…,啊，衣服开线了哦。\n那个，针线盒在……
sud_vo_system_hrnm_home_cmmn-07,莉波,今度、一緒に帰省しようか,下次，一起回老家吧？
sud_vo_system_hrnm_home_cmmn-08,莉波,何かあったらいつでも頼ってね,有什么事的话，随时可以依靠我哦。
sud_vo_system_hrnm_home_cmmn-09,莉波,よかった。君に忘れられてなくてほっとしたよ。,太好了。你没忘记我，我放心了。
sud_vo_system_hrnm_home_cmmn-10,莉波,再会した途端にスカウトなんて、すっごく驚いちゃった。,才重逢就突然被挖角，真是吓了一大跳。
sud_vo_system_hrnm_home_cmmn-11,莉波,やっぱり敬語じゃないほうが落ち着くね。,果然还是不用敬语更自在呢。
sud_vo_system_hrnm_home_cmmn-12,莉波,お姉さんって意識するとすっごく難しいんだね。,一旦意识到自己是姐姐，就觉得超级难呢。
sud_vo_system_hrnm_home_cmmn-13,莉波,私のためにいつも頑張ってくれてありがとうね,谢谢你总是为了我这么努力。
sud_vo_system_hrnm_home_cmmn-14,莉波,みんな慕ってくれるから、ついおせっかい焼いちゃうんだ。,因为大家都这么亲近我，我总忍不住多管闲事呢。
sud_vo_system_hrnm_home_cmmn-15,莉波,また無理しないか。ちゃんと見張ってるからね。,你不会又在勉强自己吧？我会好好看着你的哦。
sud_vo_system_hrnm_home_cmmn-16,莉波,今はまだ弟だけど、いつかは…\nな、なんでもないよ！,现在虽然还只是弟弟，但总有一天……\n没、没什么！
sud_vo_system_hrnm_home_cmmn-17,莉波,ちょっとお出かけしない？お仕事関係なく。ね？,要不要一起出去走走？与工作无关。好吗？
sud_vo_system_hrnm_home_cmmn-18,莉波,はーい。何かな？プロデューサー君,来啦。什么事呀？制作人君
sud_vo_system_hrnm_home_cmmn-19,莉波,どうしたの？疲れちゃった？,怎么了？累了吗？
sud_vo_system_hrnm_home_cmmn-20,莉波,学園での思い出、君にも聞いてほしいな,在学园里的回忆，我也想讲给你听呢。
sud_vo_system_hrnm_home_cmmn-21,莉波,あっ、プロデューサーくん！\nこっちでお話ししよう。,啊，制作人君！\n来这边聊聊吧。
sud_vo_system_hrnm_home_cmmn-22,莉波,君の期待に応えてみせるよ,我会回应你的期待给你看的。
sud_vo_system_hrnm_home_cmmn-23,莉波,プロデューサー君も応援よろしくね！,制作人君也要为我加油哦！
sud_vo_system_hrnm_home_cmmn-24,莉波,お散歩しながら一緒にお話とかどうかな？,一边散步一边聊聊天，怎么样？
sud_vo_system_hrnm_home_cmmn-25,莉波,お姉さんらしくできてるのかな,我有做到像个姐姐吗？
sud_vo_system_hrnm_home_cmmn-26,莉波,言っちゃったんだ。私の本当の気持ち,不小心说出口了呢。我真正的心情。
sud_vo_system_hrnm_home_cmmn-27,莉波,君と駆け抜けた時間、ずっとずっと忘れないよ,和你一起全力奔跑过的时光，我永远永远都不会忘记哦。
sud_vo_system_hrnm_home_cmmn-28,莉波,私ね、君とのこれからがすごく楽しみなんだ！,我啊，非常期待和你今后的日子！
sud_vo_system_hrnm_home_cmmn-29,莉波,今朝はさきちゃんと走ってきたんだ。\nたまには早起きも気持ちいいかも。,今天早上我和小咲季一起去跑步了。\n偶尔早起感觉也不错呢。
sud_vo_system_hrnm_home_cmmn-30,莉波,君と走りに行くのも楽しいかも。\nお姉さんと一緒に四時に起きてみる？,和你一起去跑步也许也会很开心。\n要不要试着和姐姐一起四点起床？
sud_vo_system_hrnm_home_touch-01,莉波,もう、どうしたの？,哎呀，怎么了？
sud_vo_system_hrnm_home_touch-02,莉波,何かあったのかな？よかったらお話聞くよ。,是出什么事了吗？不介意的话，说给我听听吧。
sud_vo_system_hrnm_home_transition-01,莉波,おはよう\n睡癖ついてるよ,早上好\n头发翘起来了哦。
sud_vo_system_hrnm_home_transition-02,莉波,よーし、今日も一緒に頑張ろうね！,好，今天也一起加油吧！
sud_vo_system_hrnm_home_transition-03,莉波,お昼もお仕事なの？ちゃんと食べないとダメだよ。,中午也要工作吗？不好好吃饭可不行哦。
sud_vo_system_hrnm_home_transition-04,莉波,抜き打ちテストがあったんだけど、いい点取れたんだ？,有个突击测验，我考得还不错哦？
sud_vo_system_hrnm_home_transition-05,莉波,授業が早めに終わったから、簡単にお掃除しておいたよ。,课提前结束了，我就简单打扫了一下。
sud_vo_system_hrnm_home_transition-06,莉波,ご指導をお願いします。プロデューサーさん,请多指教，制作人老师。
sud_vo_system_hrnm_home_transition-07,莉波,あっ、もうこんな時間？\nそろそろ帰らないとだね。,啊，已经这个点了？\n差不多该回去了呢。
sud_vo_system_hrnm_home_transition-08,莉波,もうちょっとだけ頑張ってもいいかな？,我可以再稍微努力一下吗？
sud_vo_system_hrnm_home_transition-09,莉波,明けましておめでとう！\n今年もよろしくね！,新年快乐！\n今年也请多关照哦！
sud_vo_system_hrnm_home_transition-10,莉波,え、えっと…チョコをもらってくれるかな？,那、那个……你能收下我的巧克力吗？
sud_vo_system_hrnm_home_transition-11,莉波,うーん、いたずらってなかなか思いつかないなあ。,嗯——，恶作剧什么的还真想不出来呢。
sud_vo_system_hrnm_home_transition-12,莉波,今日はクリスマスだけど、予定とかあるのかな？,今天是圣诞节，你有什么安排吗？
sud_vo_system_hrnm_home_transition-13,莉波,もう大みそかなんだ。\nあっという間の一年だったね。,已经到除夕了啊。\n真是转眼即逝的一年呢。
sud_vo_system_hrnm_home_transition-14,莉波,春限定桜パフェかー！\nでもカロリーが…,春季限定樱花芭菲啊——！\n但是卡路里……
sud_vo_system_hrnm_home_transition-15,莉波,お花見なら任せて！いっぱいお弁当作っていくよ！,赏花的话就交给我吧！我会做很多便当带过去的！
sud_vo_system_hrnm_home_transition-16,莉波,暖かくなってきたし、お休みの日に、お散歩とかはどうかな？,天气渐渐暖和起来了，休息日去散个步怎么样？
sud_vo_system_hrnm_home_transition-17,莉波,暑いね～\n冷たい飲み物を入れよっか,好热啊～\n我来倒点冷饮吧。
sud_vo_system_hrnm_home_transition-18,莉波,夏休みはレッスンの合間にお出かけもしたいよね,暑假的时候，也想在训练间隙出去走走呢。
sud_vo_system_hrnm_home_transition-19,莉波,冷凍庫にアイス入れておいたんだ。半分こしない？,我在冷冻室里放了冰淇淋。要不要一人一半？
sud_vo_system_hrnm_home_transition-20,莉波,お付き見したいけど、文言があるから難しいかな,想去赏月，但还有文稿要处理，可能有点难呢。
sud_vo_system_hrnm_home_transition-21,莉波,今夜は炊き込みご飯にしようかな,今晚做什锦焖饭好了。
sud_vo_system_hrnm_home_transition-22,莉波,あっ、肩にモミジが。\nしおりにしようかな。,啊，有片枫叶落在肩上。\n把它做成书签吧。
sud_vo_system_hrnm_home_transition-23,莉波,リョウの子たちとお鍋パーティー？\n楽しそう！,和宿舍的孩子们开火锅派对？\n听起来好开心！
sud_vo_system_hrnm_home_transition-24,莉波,プロデューサー君は寒くて起きられなかったりしない？,制作人君不会因为太冷起不来床吧？
sud_vo_system_hrnm_home_transition-25,莉波,カフェを飲むには、体が温まる飲み物がいいみたいだよ。,喝咖啡的话，好像还是能让身体暖和起来的饮品比较好哦。
sud_vo_system_hski_home_birthday-01,咲季,プロデューサー！誕生日おめでとう！,制作人！生日快乐！
sud_vo_system_hski_home_cmmn-01,咲季,せっかくだし、プロデューサーも一緒に筋トレする？,机会难得，制作人也一起锻炼肌肉吗？
sud_vo_system_hski_home_cmmn-02,咲季,体を動かしたいの？ランニングに行っていい？,你想活动身体吗？我可以去跑步吗？
sud_vo_system_hski_home_cmmn-03,咲季,お姉ちゃんとして負けるわけにはいかないの！,作为姐姐，我可不能输！
sud_vo_system_hski_home_cmmn-04,咲季,未来のトップアイドル！\n花見咲きよ！,未来的顶级偶像！\n花见咲季！
sud_vo_system_hski_home_cmmn-05,咲季,てまりったら、私の料理のどこが気に入らないのかしら？,手毬真是的，到底对我做的料理哪里不满意啊？
sud_vo_system_hski_home_cmmn-06,咲季,次の休みはうめと出かけるのはいいでしょ～？,下次休息我和佑芽出去玩，没问题吧～？
sud_vo_system_hski_home_cmmn-07,咲季,ねえ、私ってちょろい？そんなことないわよね？,喂，我是不是很好搞定？才没有那回事吧？
sud_vo_system_hski_home_cmmn-08,咲季,そういえば、あなたと勝負したことってなかったわよね？,说起来，我还没和你比试过呢吧？
sud_vo_system_hski_home_cmmn-09,咲季,悪あがきじゃなくて勝つために、よね？,不是无谓挣扎，而是为了赢，对吧？
sud_vo_system_hski_home_cmmn-10,咲季,あなたの正直にズバズバ言うところ、嫌いじゃないわよ,你这种直来直去的性格，我不讨厌。
sud_vo_system_hski_home_cmmn-11,咲季,ふふふ\n次の勝負はいつにしようかしら？,呵呵呵\n下一场比赛定在什么时候好呢？
sud_vo_system_hski_home_cmmn-12,咲季,焦らず最適に。分っていても頭と心は別物ね。,不焦不躁，选择最优。即使明白，头脑和内心也还是两回事呢。
sud_vo_system_hski_home_cmmn-13,咲季,あなたを信じてるんだから、遠慮しないでよね,我可是相信你的，你别跟我客气。
sud_vo_system_hski_home_cmmn-14,咲季,ねえ、私まだ成長できる？,哎，我还能继续成长吗？
sud_vo_system_hski_home_cmmn-15,咲季,格上だろーと負ける気はないわ。一度もね！,就算对手更强，我也不打算输。一次都别想！
sud_vo_system_hski_home_cmmn-16,咲季,うーん、ゆめに勉強を教えるのは私！,唔——，教佑芽学习的人是我！
sud_vo_system_hski_home_cmmn-17,咲季,世界一になるまで付き合ってもらうからね！,你要陪着我直到我成为世界第一哦！
sud_vo_system_hski_home_cmmn-18,咲季,はーい、何か用？,来了，有什么事吗？
sud_vo_system_hski_home_cmmn-19,咲季,佑芽が勝ち続ける秘策でも思いついた？,佑芽想到什么连胜的秘诀了吗？
sud_vo_system_hski_home_cmmn-20,咲季,これまでどんなことがあったかしら？,之前都发生过什么事呢？
sud_vo_system_hski_home_cmmn-21,咲季,お話し？いいわよ,聊天？可以啊。
sud_vo_system_hski_home_cmmn-22,咲季,当然勝つわ！,我当然会赢！
sud_vo_system_hski_home_cmmn-23,咲季,トップアイドルへの第一歩ね！,这是迈向顶级偶像的第一步呢！
sud_vo_system_hski_home_cmmn-24,咲季,私のことちゃんと知っておいてよね？,你可得好好了解我哦。
sud_vo_system_hski_home_cmmn-25,咲季,まだ成長が止まってないわよね,我的成长还没有停止吧。
sud_vo_system_hski_home_cmmn-26,咲季,この私が、不屈のトップアイドル、花見咲よ！,我就是不屈的顶级偶像，花见咲季！
sud_vo_system_hski_home_cmmn-27,咲季,どんな世界でも、あなたは一緒に飛び込んでくれるでしょ？,无论怎样的世界，你都会陪我一起跳进去吧？
sud_vo_system_hski_home_cmmn-28,咲季,未知の世界で戦うこれからを思うと、ワクワクするわね！,一想到今后要在未知的世界里战斗，就兴奋不已呢！
sud_vo_system_hski_home_cmmn-29,咲季,あなたは何時に起きたの？\n私はランニング仲間とよしから走って絶好調よ！,你是几点起床的？\n我一大早就和跑友一起跑步，状态超好哦！
sud_vo_system_hski_home_cmmn-30,咲季,ふふふ\nあなたも私と一緒に四時に起きて走らない？,呵呵呵\n你要不要也和我一起四点起床去跑步？
sud_vo_system_hski_home_touch-01,咲季,そんなに私のこと気になる？,你就那么在意我吗？
sud_vo_system_hski_home_touch-02,咲季,もう～～～さっきから何よ！,真是的～～～从刚才开始到底要干嘛！
sud_vo_system_hski_home_transition-01,咲季,おはよう。今日もいい日になりそうね。,早上好。今天看起来也会是个好日子。
sud_vo_system_hski_home_transition-02,咲季,完璧でベストな一日にするわよ！,要把它变成完美又最棒的一天！
sud_vo_system_hski_home_transition-03,咲季,こんにちは。昼食、炭鉱室足りてる？,你好。午饭，碳水化合物够吗？
sud_vo_system_hski_home_transition-04,咲季,今日はまだ、ゆめとの合同授業がないのよね～,今天还没有和佑芽一起上的合堂课呢～
sud_vo_system_hski_home_transition-05,咲季,あ～ーー！授業終わり？レッスン、レッスン！,啊——！下课了？训练，训练！
sud_vo_system_hski_home_transition-06,咲季,今日のメニュー早く教えてくれる？,今天的训练内容快点告诉我吧？
sud_vo_system_hski_home_transition-07,咲季,一日お疲れ様。ゆっくり休みましょう。,今天辛苦了。好好休息吧。
sud_vo_system_hski_home_transition-08,咲季,今日の授業は軽めだったし、もう少しレッスンしたいの。,今天的课比较轻松，我还想再训练一会儿。
sud_vo_system_hski_home_transition-09,咲季,明けましておめでとう！\n今年もよろしくね！,新年快乐！\n今年也请多关照！
sud_vo_system_hski_home_transition-10,咲季,プロデューサーもチョコって欲しいもの？,制作人也想要巧克力吗？
sud_vo_system_hski_home_transition-11,咲季,トリックオワトリート！いたずらしてほしい？,不给糖就捣蛋！你想被我捣蛋吗？
sud_vo_system_hski_home_transition-12,咲季,私はサントさん信じてる。私がなるんだもの。,我相信圣诞老人。因为我要成为圣诞老人嘛。
sud_vo_system_hski_home_transition-13,咲季,今年ももう終わりか～\n来年もよろしくね！,今年也快结束了啊～\n明年也请多关照！
sud_vo_system_hski_home_transition-14,咲季,アサランしてて気持ちいい季節よね？\n赤だるわー！,这季节晨跑很舒服吧？\n秋天来啦——！
sud_vo_system_hski_home_transition-15,咲季,お花見に行かない？\nゆめも誘って,不去看花吗？\n也叫上佑芽吧
sud_vo_system_hski_home_transition-16,咲季,SSDにも春っぽいもの入れようかしら。,要不要往SSD里也加点有春天气息的东西呢。
sud_vo_system_hski_home_transition-17,咲季,暑い！水分補給…,好热！补充水分……
sud_vo_system_hski_home_transition-18,咲季,せっかくだし、ビーチで体力作りもいいんじゃない？,机会难得，在海边锻炼体力也不错吧？
sud_vo_system_hski_home_transition-19,咲季,熱中症にならないよう、お互い気をつけましょう！,为了不中暑，我们彼此都注意点吧！
sud_vo_system_hski_home_transition-20,咲季,ふーん、運動日和ね！,嗯，真是个适合运动的好天气呢！
sud_vo_system_hski_home_transition-21,咲季,アイドル活動の秋！みんな追い抜くわよ！,偶像活动的秋天！我要把大家都超过去！
sud_vo_system_hski_home_transition-22,咲季,山が真っ赤だと、秋～って感じがするわ。,山都染红了，就有种“秋天来了～”的感觉。
sud_vo_system_hski_home_transition-23,咲季,体を動かしてたら寒くなんてならないわよ,只要活动身体，就不会觉得冷哦。
sud_vo_system_hski_home_transition-24,咲季,子供だから、下を踏んで歩かなかった？ザクザクって！,因为是小孩子嘛，走路时不是会踩雪吗？嘎吱嘎吱的！
sud_vo_system_hski_home_transition-25,咲季,雪合戦の連勝記録、今年はどのくらい伸ばせるかしら？,打雪仗的连胜纪录，今年能延长多少呢？
sud_vo_system_hume_home_birthday-01,佑芽,プロデューサーさん！お誕生日おめでとうございます！,制作人老师！生日快乐！
sud_vo_system_hume_home_cmmn-01,佑芽,疲れたときは読んでください！ マッサージしてあげますね！,累的时候请叫我！我会帮你按摩的！
sud_vo_system_hume_home_cmmn-02,佑芽,頑張るのは大好きなので、ビシバシお願いします！,我最喜欢努力了，请尽管严格训练我！
sud_vo_system_hume_home_cmmn-03,佑芽,むむむ、お姉ちゃんに勝てる秘策はないものか。,唔唔唔，难道没有能赢过姐姐的秘策吗。
sud_vo_system_hume_home_cmmn-04,佑芽,ダトオお姉ちゃん！目指せ学園一！,打倒姐姐！目标是学园第一！
sud_vo_system_hume_home_cmmn-05,佑芽,みすずちゃんはのんびり屋さんだけどとっても優しいんです！,小美铃虽然是个悠闲的人，但非常温柔！
sud_vo_system_hume_home_cmmn-06,佑芽,スポーツを始めたのは、すっごくちっちゃな時です！,我开始运动是在很小很小的时候！
sud_vo_system_hume_home_cmmn-07,佑芽,次のお休み、どこか遊びに行きませんか？,下次放假，要不要一起出去玩？
sud_vo_system_hume_home_cmmn-08,佑芽,うーん、お姉ちゃん成分が足りなくなってきた,嗯——，姐姐成分快不够了
sud_vo_system_hume_home_cmmn-09,佑芽,これからどんどん楽しくなりそうですね！,接下来好像会越来越开心呢！
sud_vo_system_hume_home_cmmn-10,佑芽,私たちの事務所、ちゃんと覚えました！,我们的事务所，我好好记住啦！
sud_vo_system_hume_home_cmmn-11,佑芽,お姉ちゃんめ、まさかここまで乗り込んでくるとは。,姐姐这家伙，没想到居然跑到这里来了。
sud_vo_system_hume_home_cmmn-12,佑芽,勝つためには勝たないと！\nお姉ちゃんのパラドックスだー！,为了赢就不能不赢！\n这就是姐姐悖论——！
sud_vo_system_hume_home_cmmn-13,佑芽,私、いつの間にか爆発してたんですね！,我不知不觉间就爆发了呢！
sud_vo_system_hume_home_cmmn-14,佑芽,アイドル花海ゆめ！いざ出陣です！,偶像花海佑芽，就此出阵！
sud_vo_system_hume_home_cmmn-15,佑芽,ふたりで一緒にお姉ちゃんを倒しましょう！,我们两个一起打倒姐姐吧！
sud_vo_system_hume_home_cmmn-16,佑芽,悩んだ時は走るに限りますね！スッキリします！,烦恼的时候跑一跑是最好的！心情会变得舒畅！
sud_vo_system_hume_home_cmmn-17,佑芽,勝つビクして勝つ！\nわかりやすくて最高ですね！,赢了再赢！\n简单明了，最棒了！
sud_vo_system_hume_home_cmmn-18,佑芽,はい、何でしょうか？,在，有什么事吗？
sud_vo_system_hume_home_cmmn-19,佑芽,もしや、トレーナーさんからの呼び出しですか？,难道说，是训练员找我吗？
sud_vo_system_hume_home_cmmn-20,佑芽,毎日楽しくて悔しくて楽しいことでいっぱいですね！,每天都是又开心又不甘心，满是开心的事呢！
sud_vo_system_hume_home_cmmn-21,佑芽,一緒に、お話しましょうよ,一起聊聊天吧。
sud_vo_system_hume_home_cmmn-22,佑芽,絶対勝つぞ！\nああ！,绝对要赢！\n啊——！
sud_vo_system_hume_home_cmmn-23,佑芽,どんな勝負にも全力で臨みます！,无论什么比赛都会全力以赴！
sud_vo_system_hume_home_cmmn-24,佑芽,どうでしょうか？最近の私は！,怎么样？最近的我！
sud_vo_system_hume_home_cmmn-25,佑芽,アイドルのこと、もっと知らないとですね！,关于偶像，我还得再多了解才行！
sud_vo_system_hume_home_cmmn-26,佑芽,私の決め台詞、今後もたくさん聞かせてあげます！,我的招牌台词，今后也会多多说给你听！
sud_vo_system_hume_home_cmmn-27,佑芽,私たちで大きな夢を形にしていきましょうね！,让我们一起把大大的梦想变成现实吧！
sud_vo_system_hume_home_cmmn-28,佑芽,プロデューサーさんとなら、どこまでも走れますよ！,和制作人老师一起，无论哪里都能跑下去！
sud_vo_system_hume_home_cmmn-29,佑芽,えへへー、4時に起きてお姉ちゃんとランニング楽しかったー！,诶嘿嘿——，4点起床和姐姐一起跑步，好开心——！
sud_vo_system_hume_home_cmmn-30,佑芽,プロデューサーさんも、私とお姉ちゃんと一緒に夜市から走りませんか？,制作人老师要不要也和我、姐姐一起，从夜市开始跑步呢？
sud_vo_system_hume_home_touch-01,佑芽,えへへへ、たくさんお話してくれて嬉しいです！,诶嘿嘿嘿，谢谢你和我聊这么多，我好开心！
sud_vo_system_hume_home_touch-02,佑芽,もう、そんなに見つめてどうしちゃったんですか？,哎呀，你那么盯着我看，是怎么了？
sud_vo_system_hume_home_transition-01,佑芽,おはようございます！プロデューサーさん！,早上好！制作人老师！
sud_vo_system_hume_home_transition-02,佑芽,今日こそお姉ちゃんに勝ちましょう！,今天一定要赢过姐姐！
sud_vo_system_hume_home_transition-03,佑芽,えへへへ、もうすぐお昼ご飯～,诶嘿嘿嘿，马上就要吃午饭啦～
sud_vo_system_hume_home_transition-04,佑芽,お昼ご飯のあとは食後の運動に行ってきます！,吃完午饭我要去做饭后运动！
sud_vo_system_hume_home_transition-05,佑芽,座りっぱなしだったので、たくさん運動したいです！,一直坐着，所以想多运动一下！
sud_vo_system_hume_home_transition-06,佑芽,今日もお姉ちゃんは最強でしたー！,今天姐姐也是最强的——！
sud_vo_system_hume_home_transition-07,佑芽,もうお腹ペコペコですー,肚子已经饿扁啦——
sud_vo_system_hume_home_transition-08,佑芽,まだまだ私は元気いっぱいですよ！,我还精力充沛呢！
sud_vo_system_hume_home_transition-09,佑芽,明けましておめでとうございます！プロデューサーさん！,新年快乐！制作人老师！
sud_vo_system_hume_home_transition-10,佑芽,今日はバレンタインなので、一緒にチョコ食べましょう！,今天是情人节，一起吃巧克力吧！
sud_vo_system_hume_home_transition-11,佑芽,ふふふー、どんないたずらがいいですか？,呼呼呼——，想要怎样的恶作剧呢？
sud_vo_system_hume_home_transition-12,佑芽,サンタさん、今年も来てくれるかなぁ~,圣诞老人，今年也会来吗～
sud_vo_system_hume_home_transition-13,佑芽,プロデューサーさん、今年一年ありがとうございました！,制作人老师，这一年非常感谢！
sud_vo_system_hume_home_transition-14,佑芽,ふーん、外で遊びやすい季節になってきましたね。,嗯——，到了适合在外面玩的季节了呢。
sud_vo_system_hume_home_transition-15,佑芽,おすすめランニングスポットは\n桜いっぱいの河川敷です！,我推荐的跑步地点是\n开满樱花的河堤！
sud_vo_system_hume_home_transition-16,佑芽,ポカポカしてて眠くなってきちゃいますね,暖洋洋的，让人开始犯困呢。
sud_vo_system_hume_home_transition-17,佑芽,たくさん食べてたくさん寝る！夏場で対策は完璧です！,吃得多睡得多！这样对付夏天就万无一失了！
sud_vo_system_hume_home_transition-18,佑芽,プロデューサーさんも水分補給は忘れちゃダメですよ！,制作人老师也别忘了补充水分哦！
sud_vo_system_hume_home_transition-19,佑芽,夏といえば水変わり！\n今年こそは勝ってみせます！,说到夏天就是“水变”！\n今年一定要赢给你看！
sud_vo_system_hume_home_transition-20,佑芽,運動の秋なのに、どうしてすぐ暗くなっちゃうんですかね？,明明正是运动之秋，为什么天这么快就黑了呢？
sud_vo_system_hume_home_transition-21,佑芽,お、お勉強の秋も頑張ります。,我、我也会在读书之秋加油的。
sud_vo_system_hume_home_transition-22,佑芽,猫じゃらしを見つけるとつい触っちゃいますよね！,看到狗尾草就会忍不住去摸一摸呢！
sud_vo_system_hume_home_transition-23,佑芽,大変です！もうすぐ冬将軍がやってくるみたいですよ！,不好了！冬将军好像马上就要来了哦！
sud_vo_system_hume_home_transition-24,佑芽,毎年恒例お姉ちゃんとの雪合戦！\n今年こそは勝つ！,每年惯例的和姐姐打雪仗！\n今年一定要赢！
sud_vo_system_hume_home_transition-25,佑芽,寒くなってきましたね。怪我しないようにしないと。,天气冷起来了呢。得注意不要受伤。
sud_vo_system_jsna_home_birthday-01,星南,プロデューサー、誕生日おめでとう！,制作人，生日快乐！
sud_vo_system_jsna_home_cmmn-01,星南,プロデューサーが次にどんな手を打つのか\n楽しみだわ,制作人接下来会怎么出招\n真令人期待呢。
sud_vo_system_jsna_home_cmmn-02,星南,学園の生徒たち、みんな素敵よね？,学园的学生们，大家都很棒吧？
sud_vo_system_jsna_home_cmmn-03,星南,才能の使い方を知らない。そんな子は見逃せないわ。,不知道如何发挥自己的才能。那样的孩子，我可不会错过。
sud_vo_system_jsna_home_cmmn-04,星南,私の限界、超えることができるかしら？,能超越我的极限吗？
sud_vo_system_jsna_home_cmmn-05,星南,ことねはきっと素晴らしいアイドルになるわ。,琴音一定会成为出色的偶像。
sud_vo_system_jsna_home_cmmn-06,星南,生徒会のメンバーは頼りになるのよ,学生会的成员们很可靠哦。
sud_vo_system_jsna_home_cmmn-07,星南,お、気にしないで。見てるだけだから。,哦，别在意。我只是看看而已。
sud_vo_system_jsna_home_cmmn-08,星南,もっと厳しいレッスンでもいいわよ,再严格些的训练也可以哦。
sud_vo_system_jsna_home_cmmn-09,星南,あなたに賭けたの。\nよろしくね、先輩。,我可是押在你身上了。\n请多指教，前辈。
sud_vo_system_jsna_home_cmmn-10,星南,アイドルの実力や才能をこの目に映す。あなたにできるかしら？,把偶像的实力与才能映入这双眼。你能做到吗？
sud_vo_system_jsna_home_cmmn-11,星南,次こそはスカートしてみせるわ！\nことね！,下次我一定要痛快地赢给你看！\n琴音！
sud_vo_system_jsna_home_cmmn-12,星南,あんな動画、まさに不意打ちだったわ。,那种视频，真是打了我个措手不及。
sud_vo_system_jsna_home_cmmn-13,星南,ふふふ\nあれだけ言い合ったのは久しぶりね,呵呵呵\n好久没那样和你斗嘴了呢。
sud_vo_system_jsna_home_cmmn-14,星南,宣言したからにはやる\nそれが十王セナだから,既然宣言了就一定会做到\n因为这就是十王星南。
sud_vo_system_jsna_home_cmmn-15,星南,突然、ああいうこと言うのはやめて！驚くから,别突然说那种话！会吓到的。
sud_vo_system_jsna_home_cmmn-16,星南,あなたのおかげで予定が狂ったわ,拜你所赐，我的计划都打乱了。
sud_vo_system_jsna_home_cmmn-17,星南,トックアイドル思い響きね,真是很有偶像味道的旋律呢。
sud_vo_system_jsna_home_cmmn-18,星南,どうかしたの？,怎么了？
sud_vo_system_jsna_home_cmmn-19,星南,また、とんでもないことを言い出すのかしら？,又要说什么不得了的话了吗？
sud_vo_system_jsna_home_cmmn-20,星南,あなたのプロデュースはすべて覚えているわ。,你的制作手法，我全都记得。
sud_vo_system_jsna_home_cmmn-21,星南,少し話しましょう,我们稍微聊一聊吧。
sud_vo_system_jsna_home_cmmn-22,星南,負けられないわね,我可不能输呢。
sud_vo_system_jsna_home_cmmn-23,星南,手を抜いたりなんてしないわ,我才不会敷衍了事。
sud_vo_system_jsna_home_cmmn-24,星南,ねえ、プロデューサーとしての私はどう？,哎，作为制作人，我做得怎么样？
sud_vo_system_jsna_home_cmmn-25,星南,同じことをしていてもダメだわ,光做同样的事情可不行。
sud_vo_system_jsna_home_cmmn-26,星南,次の夢を叶えて、また一緒に泣きましょう。約束よ。,实现下一个梦想后，我们再一起哭吧。这是约定哦。
sud_vo_system_jsna_home_cmmn-27,星南,契約したもの。これからもずっと、あなたは私のものよ。,既已立约。从今往后，你也永远属于我哦。
sud_vo_system_jsna_home_cmmn-28,星南,あなたと私の残す物語がどんなものになるか。楽しみね。,你与我会留下怎样的故事呢。真令人期待呢。
sud_vo_system_jsna_home_cmmn-29,星南,今朝はさっきと走ってきたの？\n朝早くから私を誘う後輩なんて、貴重よね？,今天早上是跑着来的吗？\n一大早就来约我的后辈，还真是难得呢？
sud_vo_system_jsna_home_cmmn-30,星南,今日は四時に起きて走ってきたわ。早起きすると一日を有効的に使えていいわね。,今天我四点就起来跑步了。早起能更有效地利用一天，真不错呢。
sud_vo_system_jsna_home_touch-01,星南,ふふふ\nスキンシップはこのくらい\nね,呵呵呵\n亲昵接触就到此为止\n哦
sud_vo_system_jsna_home_touch-02,星南,こ、これは必要なことなの？,这、这是有必要的吗？
sud_vo_system_jsna_home_transition-01,星南,おはよう、プロデューサー,早上好，制作人。
sud_vo_system_jsna_home_transition-02,星南,あなたのおさかつって何？真似しようと思うの。,你平时的应援活动是什么？我想学学。
sud_vo_system_jsna_home_transition-03,星南,私のプロデュースをするなら、食事を抜いたりしないでちょうだい。,如果你要当我的制作人，就不许不吃饭。
sud_vo_system_jsna_home_transition-04,星南,勉強にだって手を抜かない。生徒会長としてね。,哪怕是学习，我也不会敷衍。作为学生会长。
sud_vo_system_jsna_home_transition-05,星南,休んでいる暇はないわ。そうでしょ？,我可没时间休息。你说是吧？
sud_vo_system_jsna_home_transition-06,星南,ふふふ\nレッスンが楽しみね,呵呵呵\n训练真令人期待呢。
sud_vo_system_jsna_home_transition-07,星南,充実した一日だったわ。明日もよろしくね。,真是充实的一天呢。明天也请多关照。
sud_vo_system_jsna_home_transition-08,星南,まだ時間があるわ。もう少しレッスンしない？,还有时间。要不要再练一会儿？
sud_vo_system_jsna_home_transition-09,星南,明けましておめでとう、プロデューサー,新年快乐，制作人。
sud_vo_system_jsna_home_transition-10,星南,チョコレート\nあげてもいいわよ,巧克力\n给你也可以哦。
sud_vo_system_jsna_home_transition-11,星南,いたずらとお菓子。どちらか選ばせてあげるわ。,捣蛋还是点心，我让你选一个。
sud_vo_system_jsna_home_transition-12,星南,あなたが私にとってのサータさんかしら？,你对我来说，就是圣诞老人吗？
sud_vo_system_jsna_home_transition-13,星南,今年はたくさん勉強させてもらったわ。,今年让我学到了很多。
sud_vo_system_jsna_home_transition-14,星南,出会いと別れの季節。\n私はあなたに出会ったわ。,相遇与离别的季节。\n我遇见了你。
sud_vo_system_jsna_home_transition-15,星南,今年も将来有望なアイドルたちに会えるわね,今年也能见到许多前途无量的偶像呢。
sud_vo_system_jsna_home_transition-16,星南,たまにはお花見でもする？ことねも誘って！,偶尔也去赏个花吧？把琴音也叫上！
sud_vo_system_jsna_home_transition-17,星南,そろそろ、当格を表す生徒が出てくるころね。,差不多该有学生崭露头角了。
sud_vo_system_jsna_home_transition-18,星南,暑いわね。泳ぎにでも行こうかしら？,好热啊。要不要去游游泳呢？
sud_vo_system_jsna_home_transition-19,星南,学園でも夏祭りを企画しようかしら？,要不要在学园也策划一场夏祭呢？
sud_vo_system_jsna_home_transition-20,星南,積み重ねた子たちが輝き始める季節ね,一直努力积累的孩子们开始闪耀的季节呢。
sud_vo_system_jsna_home_transition-21,星南,おぼろが綺麗\n焼き芋も食べたくなってきたわね,月色朦胧真美\n我也想吃烤红薯了
sud_vo_system_jsna_home_transition-22,星南,アイドルの秋ってどう？\n救ってしまおうかしら？,偶像之秋怎么样？\n不如尽情享受一番吧。
sud_vo_system_jsna_home_transition-23,星南,風の心配ならいらないわ。私は重を背なよ。,不用担心风。由我来背负。
sud_vo_system_jsna_home_transition-24,星南,寒くたって関係ないわ。ランニング一緒にどうかしら？,就算冷也没关系。要不要一起跑步呢？
sud_vo_system_jsna_home_transition-25,星南,体を動かして温まりましょうか,让我们活动身体，暖和暖和吧。
sud_vo_system_kcna_home_birthday-01,千奈,先生、お誕生日おめでとうございます！,老师，生日快乐！
sud_vo_system_kcna_home_cmmn-01,千奈,先生！\n呼んでみただけですわ。,老师！\n只是试着叫叫您哇。
sud_vo_system_kcna_home_cmmn-02,千奈,先生が笑顔だと私も楽しいですわ！,老师露出笑容的话，本人也开心哇！
sud_vo_system_kcna_home_cmmn-03,千奈,うわぁ、今日もトレーナーに怒られてしまいましたわ。,呜哇，今天又被训练员训斥了哇。
sud_vo_system_kcna_home_cmmn-04,千奈,立派なアイドルへの道のりは険しいですわね,通往出色偶像的道路真是险峻哇
sud_vo_system_kcna_home_cmmn-05,千奈,この学園には大好きなお姉様がいらっしゃいますな,这所学园里有本人最喜欢的姐姐大人在哇
sud_vo_system_kcna_home_cmmn-06,千奈,私、いつも元気だねって、皆様に言われますの！,大家总说本人总是很有精神哇！
sud_vo_system_kcna_home_cmmn-07,千奈,礼儀作法は小さい頃から勉強しておりますわ！,礼仪规矩从小时候起就一直在学习哇！
sud_vo_system_kcna_home_cmmn-08,千奈,今日も保健室で、篠澤さんとお話ししましたの！,今天也在保健室和筱泽同学聊天了哇！
sud_vo_system_kcna_home_cmmn-09,千奈,私こそが学園最下位のアイドルですわ！,本人才是学园最末位的偶像哇！
sud_vo_system_kcna_home_cmmn-10,千奈,あの厳しいレッスンは、普通のレッスン,那场严格的训练，是普通的训练
sud_vo_system_kcna_home_cmmn-11,千奈,月村さん、怖いだけの方ではないのかも？,月村同学或许并不只是可怕的人？
sud_vo_system_kcna_home_cmmn-12,千奈,どんなに辛くとも、わたし辞めませんわ！,无论多么辛苦，本人都不会放弃哇！
sud_vo_system_kcna_home_cmmn-13,千奈,お、私が雑誌の表紙に！,哦，本人上杂志封面了！
sud_vo_system_kcna_home_cmmn-14,千奈,おじいさまは無理なんだいを言い過ぎですわー！,祖父大人强人所难的要求说得太多了哇——！
sud_vo_system_kcna_home_cmmn-15,千奈,やっと立派なアイドルへの一歩を踏み出せましたわ！,终于迈出了成为出色偶像的一步哇！
sud_vo_system_kcna_home_cmmn-16,千奈,次こそは、一緒にお出かけしてくださいません？,下次可否和本人一起出去呢？
sud_vo_system_kcna_home_cmmn-17,千奈,私、まだまだいろんなことを成し遂げていきたいですわ！,本人还想继续成就各种各样的事情哇！
sud_vo_system_kcna_home_cmmn-18,千奈,何でしょうか、先生？,有什么事吗，老师？
sud_vo_system_kcna_home_cmmn-19,千奈,まさか、おじいさまがまた何か？,难道说，祖父大人又有什么事了？
sud_vo_system_kcna_home_cmmn-20,千奈,本当にいろいろなことを学んでますわ！,真的学到了许多东西哇！
sud_vo_system_kcna_home_cmmn-21,千奈,先生も一緒にお話ししませんか？,老师也一起来聊天吧？
sud_vo_system_kcna_home_cmmn-22,千奈,先生と頑張った成果、見せてやりますわ！,会让您看到本人和老师一起努力的成果哇！
sud_vo_system_kcna_home_cmmn-23,千奈,今、できる限りで挑んできますわ！,现在，会以本人能做到的全部去挑战哇！
sud_vo_system_kcna_home_cmmn-24,千奈,先生に隠し事などいたしませんわ！,本人不会对老师有所隐瞒哇！
sud_vo_system_kcna_home_cmmn-25,千奈,立派なアイドルに近づけていますでしょうか？,本人是否正在向出色的偶像靠近呢？
sud_vo_system_kcna_home_cmmn-29,千奈,先お姉様にお誘いいただいて、早朝ランニングデビューしましたの！,咲季姐姐大人邀请本人，本人完成了晨跑初体验哇！
sud_vo_system_kcna_home_cmmn-30,千奈,朝の4時から走ったら\n今日1日\nふにゃふにゃになってしまいそうですわ,若是从早上4点开始跑步，\n今天一整天\n都会变得软绵绵哇
sud_vo_system_kcna_home_touch-01,千奈,先生！そんなに私プニプニですの？,老师！本人就那么软乎乎的吗？
sud_vo_system_kcna_home_touch-02,千奈,先生が構ってくださるの、とっても嬉しいですわ！,老师愿意陪着本人，本人好开心哇！
sud_vo_system_kcna_home_transition-01,千奈,おはようございます、先生！,早上好，老师！
sud_vo_system_kcna_home_transition-02,千奈,本日もご指導ご鞭撻のほどよろしくお願いいたしますわ！,今天也请多多指导与鞭策哇！
sud_vo_system_kcna_home_transition-03,千奈,先生のランチ、私、どうでも興味がありますの。,老师的午餐，本人非常感兴趣哇。
sud_vo_system_kcna_home_transition-04,千奈,お腹いっぱいでも眠らないよう気をつけませんと,即使肚子吃得很饱，也必须注意不要睡着才行
sud_vo_system_kcna_home_transition-05,千奈,さあ、レッスンの時間ですわ！,来吧，训练的时间到了哇！
sud_vo_system_kcna_home_transition-06,千奈,小テストで前よりもいい点数を取れたのです！,本人在小测验里拿到了比以前更好的分数！
sud_vo_system_kcna_home_transition-07,千奈,そろそろ帰らないと遅くなってしまいますわ,差不多该回去了，不然会太晚哇
sud_vo_system_kcna_home_transition-08,千奈,先生、今日はもう少しだけ頑張りたいんですの！,老师，今天本人还想再努力一小会儿哇！
sud_vo_system_kcna_home_transition-09,千奈,明けましておめでとうございます！\n先生！,新年快乐！\n老师！
sud_vo_system_kcna_home_transition-10,千奈,その...実は、チョコを手作りしてみたんですが。,那个……其实，本人试着亲手做了巧克力……
sud_vo_system_kcna_home_transition-11,千奈,お菓子をくださいませ！\nでないと、いたずらですわ！,请给本人点心！\n不然本人就要恶作剧了哇！
sud_vo_system_kcna_home_transition-12,千奈,今年こそサンタ様にお会いしたいですわ！,今年一定要见到圣诞老人哇！
sud_vo_system_kcna_home_transition-13,千奈,本当に、本当に！\n今年はお世話になりました！,真的，真的！\n今年承蒙您多多关照了！
sud_vo_system_kcna_home_transition-14,千奈,温かくなってきたので、ピクニックなどいかがでしょう？,天气变暖了，去野餐之类的怎么样？
sud_vo_system_kcna_home_transition-15,千奈,この時期は毎年家族でお花見をしているんですが,这个时节每年都会和家人一起赏花……
sud_vo_system_kcna_home_transition-16,千奈,柔らかくて穏やかで\n素敵な季節ですわね,柔和又宁静，\n真是美妙的季节哇
sud_vo_system_kcna_home_transition-17,千奈,日がさに日焼け止め！\n日差し対策はバッチリですわ！,遮阳伞和防晒霜！\n防晒对策万无一失哇！
sud_vo_system_kcna_home_transition-18,千奈,暑すぎますわ。辛いですわ。,太热了哇。好难受哇。
sud_vo_system_kcna_home_transition-19,千奈,皆様と過ごす。それだけで特別な夏になりそうですわ。,与大家一同度过。仅此而已，就能成为特别的夏天哇。
sud_vo_system_kcna_home_transition-20,千奈,少し肌寒くなって、なんだか物悲しく感じます。,天气变得有些凉，总觉得有些伤感。
sud_vo_system_kcna_home_transition-21,千奈,クラスの皆様と、今度落ち場で夜勤も作るんですの！,下次要和班上的大家一起在茶会上做夜宵哇！
sud_vo_system_kcna_home_transition-22,千奈,先生、一緒に揉みじがりに行ってくださいませ！,老师，请和本人一起去赏红叶吧！
sud_vo_system_kcna_home_transition-23,千奈,体調管理をしっかりと！アイドルの基本ですわね！,要好好管理身体状态！这是偶像的基本哇！
sud_vo_system_kcna_home_transition-24,千奈,ううう...寒いですわ。外に出たくないでしょ？,呜呜……好冷哇。你也不想出门吧？
sud_vo_system_kcna_home_transition-25,千奈,この季節になると毎年、もこもこの服を着せられてしまいますな,每年一到这个季节，本人就会被穿上毛茸茸的衣服哇
sud_vo_system_kllj_home_birthday-01,リーリヤ,先輩、お誕生日おめでとうございます！,前辈，祝您生日快乐！
sud_vo_system_kllj_home_cmmn-01,リーリヤ,先輩とは緊張せずにお話しできます。,和前辈说话时，我可以不紧张地聊天。
sud_vo_system_kllj_home_cmmn-02,リーリヤ,先輩は、お菓子好きですか？,前辈喜欢点心吗？
sud_vo_system_kllj_home_cmmn-03,リーリヤ,家族と会えないのは、ちょっとだけ寂しいです。,见不到家人，还是有点寂寞。
sud_vo_system_kllj_home_cmmn-04,リーリヤ,アイドルになるためなら、何でもやります！,只要能成为偶像，我什么都愿意做！
sud_vo_system_kllj_home_cmmn-05,リーリヤ,寝起きのすみかちゃん、とっても面白いんです。,刚起床的小澄香真的很有趣。
sud_vo_system_kllj_home_cmmn-06,リーリヤ,学園のみんな、すごい人ばっかりです。,学园里的大家，都是很厉害的人。
sud_vo_system_kllj_home_cmmn-07,リーリヤ,授業で当てられると、緊張して噛んじゃうんです。,上课被点到时，我会紧张得说错话。
sud_vo_system_kllj_home_cmmn-08,リーリヤ,まお先輩は素敵で、とても頼りになるんです。,麻央前辈很出色，也非常可靠。
sud_vo_system_kllj_home_cmmn-09,リーリヤ,トッブアイドル\n未経験の私が,顶级偶像\n毫无经验的我
sud_vo_system_kllj_home_cmmn-10,リーリヤ,腹式呼吸難しいです。まだお腹痛くなっちゃいます。,腹式呼吸好难。我还是会练到肚子疼。
sud_vo_system_kllj_home_cmmn-11,リーリヤ,笑顔の練習、頑張ります！,我会努力练习笑容的！
sud_vo_system_kllj_home_cmmn-12,リーリヤ,自分でも成長したって思えるように頑張ります！,我会努力，让自己也能感受到成长！
sud_vo_system_kllj_home_cmmn-13,リーリヤ,ダメだって思っても、人前だと緊張しちゃいます。,即使觉得自己不行，在别人面前还是会紧张。
sud_vo_system_kllj_home_cmmn-14,リーリヤ,私にもアイドルとしての武器あるんですね,原来我也有作为偶像的武器呢。
sud_vo_system_kllj_home_cmmn-15,リーリヤ,また、一緒に息抜き行きたいです。,我还想和您一起去透透气。
sud_vo_system_kllj_home_cmmn-16,リーリヤ,もっともっと、心に届けられるアイドルになります！,我要成为能把心意传达给更多更多人的偶像！
sud_vo_system_kllj_home_cmmn-17,リーリヤ,あの時、先輩と出会えて、本当に良かったです。,那时能遇到前辈，真的太好了。
sud_vo_system_kllj_home_cmmn-18,リーリヤ,先輩？どうしたんですか？,前辈？怎么了？
sud_vo_system_kllj_home_cmmn-19,リーリヤ,あっ、えっと、お菓子食べますか？,啊，那个……您要吃点心吗？
sud_vo_system_kllj_home_cmmn-20,リーリヤ,日本での生活は刺激的で、とても楽しいです！,在日本的生活充满刺激，也非常开心！
sud_vo_system_kllj_home_cmmn-21,リーリヤ,先輩も一緒にお話しどうですか？,前辈也一起来聊聊怎么样？
sud_vo_system_kllj_home_cmmn-22,リーリヤ,みんなに届けます,我会传递给大家。
sud_vo_system_kllj_home_cmmn-23,リーリヤ,先輩の期待に応えてみせます！,我会回应前辈的期待给您看！
sud_vo_system_kllj_home_cmmn-24,リーリヤ,私、成長できてますか？,我，有在成长吗？
sud_vo_system_kllj_home_cmmn-25,リーリヤ,早くみんなに追いつきたいです,好想快点追上大家。
sud_vo_system_kllj_home_cmmn-26,リーリヤ,私の先輩はすごいって、やっと証明できました！,终于证明了，我的前辈很厉害！
sud_vo_system_kllj_home_cmmn-27,リーリヤ,先輩と出会ってから、ずっと夢みたいなことばかりです。,与前辈相遇之后，一切就像梦一样。
sud_vo_system_kllj_home_cmmn-28,リーリヤ,最後までずっと一緒にいてくださいね,请一直陪在我身边直到最后哦。
sud_vo_system_kllj_home_cmmn-29,リーリヤ,朝からランニング。なんとか咲きちゃんについていけました。,从早上开始跑步。勉强跟上了小咲季。
sud_vo_system_kllj_home_cmmn-30,リーリヤ,夜に起きてクラスメイトとランニングなんて青春っぽいですよね！,夜里起来和同班同学一起跑步，感觉好青春啊！
sud_vo_system_kllj_home_touch-01,リーリヤ,もう、先輩？,真是的，前辈？
sud_vo_system_kllj_home_touch-02,リーリヤ,そ、そんなに見つめられると恥ずかしいです。,这、这样盯着我看，我会害羞的。
sud_vo_system_kllj_home_transition-01,リーリヤ,おはようございます。今日も一日頑張ります！,早上好。今天我也会努力一整天！
sud_vo_system_kllj_home_transition-02,リーリヤ,あっ、先輩！\nちょうど朝練に行くところだったんです。,啊，前辈！\n我刚才正要去晨练。
sud_vo_system_kllj_home_transition-03,リーリヤ,すみかちゃんはお弁当残さず食べてくれるんです。,小澄香吃便当总是一点不剩。
sud_vo_system_kllj_home_transition-04,リーリヤ,今のうちに午前の復習しておこうかな。,趁现在把上午的内容复习一下吧。
sud_vo_system_kllj_home_transition-05,リーリヤ,今日の授業難しかったです。,今天的课好难。
sud_vo_system_kllj_home_transition-06,リーリヤ,いつでもレッスンできます！,我随时可以开始训练！
sud_vo_system_kllj_home_transition-07,リーリヤ,先輩、今日もご指導ありがとうございました。,前辈，今天也感谢您的指导。
sud_vo_system_kllj_home_transition-08,リーリヤ,もう少しだけ、レッスンダメですか？,可以再稍微训练一会儿吗？
sud_vo_system_kllj_home_transition-09,リーリヤ,明けましておめでとうございます、先輩,新年快乐，前辈。
sud_vo_system_kllj_home_transition-10,リーリヤ,いつもお世話になってるので、チョコを作ってきました。,一直承蒙您关照，所以我做了巧克力带来。
sud_vo_system_kllj_home_transition-11,リーリヤ,先輩\nい、いたずらしちゃうぞ,前辈\n我、我可要捉弄您了哦
sud_vo_system_kllj_home_transition-12,リーリヤ,お料理、釣り、プレゼント。\nクリスマスは大忙しです！,做饭、钓鱼、礼物。\n圣诞节忙得不可开交！
sud_vo_system_kllj_home_transition-13,リーリヤ,先輩、今年は本当にありがとうございました。,前辈，今年真的非常感谢您。
sud_vo_system_kllj_home_transition-14,リーリヤ,スウェーデンにも桜の名所があるんです。,瑞典也有赏樱的名胜哦。
sud_vo_system_kllj_home_transition-15,リーリヤ,ポカポカしてて気持ちいいですね,暖洋洋的，真舒服呢。
sud_vo_system_kllj_home_transition-16,リーリヤ,おこし、作ってみようかな。,要不要试着做做米花糖呢。
sud_vo_system_kllj_home_transition-17,リーリヤ,日本の夏は暑すぎます。,日本的夏天太热了。
sud_vo_system_kllj_home_transition-18,リーリヤ,風鈴...\n寮の部屋に飾ってみたいな,风铃……\n好想把它挂在宿舍的房间里啊
sud_vo_system_kllj_home_transition-19,リーリヤ,お祭りの屋台、花火大会。楽しみがたくさんです！,祭典的摊位、烟花大会，期待的事情好多！
sud_vo_system_kllj_home_transition-20,リーリヤ,スイーツの秋、たくさん作ります！,甜点之秋，我要做很多！
sud_vo_system_kllj_home_transition-21,リーリヤ,お月見やってみたいです！,我想试试赏月！
sud_vo_system_kllj_home_transition-22,リーリヤ,そろそろ、オーロラの時期ですね。,差不多快到极光的季节了呢。
sud_vo_system_kllj_home_transition-23,リーリヤ,寒いですね。ホットチョコレート飲みますか？,好冷呢。您要喝热巧克力吗？
sud_vo_system_kllj_home_transition-24,リーリヤ,外でのレッスンでも大丈夫です。,即使在外面练习也没问题。
sud_vo_system_kllj_home_transition-25,リーリヤ,こたつ、本当に出られなくなるんですね。,被炉，真的一进去就出不来了呢。
sud_vo_system_shro_home_birthday-01,広,プロデューサー、ハッピーバ,制作人，生日快乐。
sud_vo_system_shro_home_cmmn-01,広,勉強してるの\n教えてあげてもいいよ\n教えてあげてもいいよ,你在学习吗\n我可以教你哦\n我可以教你哦。
sud_vo_system_shro_home_cmmn-02,広,私のこと好きなの？,你喜欢我吗？
sud_vo_system_shro_home_cmmn-03,広,今日も筋肉痛\nふふふふ,今天也肌肉酸痛\n呵呵呵呵
sud_vo_system_shro_home_cmmn-04,広,アイドルのレッスンって楽しいね,偶像课程真开心啊。
sud_vo_system_shro_home_cmmn-05,広,ちのとゆめは友達。好き。,千奈和佑芽是朋友。喜欢。
sud_vo_system_shro_home_cmmn-06,広,保健の先生にはいつも感謝,一直很感谢保健老师。
sud_vo_system_shro_home_cmmn-07,広,私ってそんなにわかりづらい,我就那么难懂吗？
sud_vo_system_shro_home_cmmn-08,広,佑芽のお姉ちゃんは凄腕のシェフ,佑芽的姐姐是位手艺高超的厨师。
sud_vo_system_shro_home_cmmn-09,広,どうやって倒れた私を運んだの？\nお姫様だっか,你是怎么把倒下的我带回来的？\n是公主抱吗
sud_vo_system_shro_home_cmmn-10,広,未得れ。何度やっても倒れる未来しか見えない。,尚未掌握。无论尝试多少次，都只能看到倒下的未来。
sud_vo_system_shro_home_cmmn-11,広,アイドルは食事もトレーニング\nこうでなくちゃ,偶像连吃饭也是训练\n必须这样才行
sud_vo_system_shro_home_cmmn-12,広,アイドル以外の趣味、私に向いてないことかな,偶像以外的爱好，大概不适合我吧。
sud_vo_system_shro_home_cmmn-13,広,ストレッチはとっても大事\nふふふふ,拉伸非常重要\n呵呵呵呵。
sud_vo_system_shro_home_cmmn-14,広,佑芽はマッサージの達人。プロデューサーもやってもらうといい。,佑芽是按摩达人。制作人也让她帮你按一按吧。
sud_vo_system_shro_home_cmmn-15,広,プロデューサーのことすごく好き,我非常喜欢制作人。
sud_vo_system_shro_home_cmmn-16,広,アイドル楽しいね,当偶像真开心啊。
sud_vo_system_shro_home_cmmn-17,広,プロデューサーと私は一連特賞\nふふふ,制作人和我是同舟共济\n呵呵呵
sud_vo_system_shro_home_cmmn-18,広,うん、読んだ。,嗯，读过了。
sud_vo_system_shro_home_cmmn-19,広,ああ、休憩終わり。,啊，休息结束。
sud_vo_system_shro_home_cmmn-20,広,過去の振り返りは大事。研究と一緒だね。,回顾过去很重要。和研究一样呢。
sud_vo_system_shro_home_cmmn-21,広,プロデューサー、お話しする,制作人，我要和你说说话。
sud_vo_system_shro_home_cmmn-22,広,今の私がどこまでできるのか、挑戦。【おばあちゃん】,挑战现在的我能做到什么程度。【老婆婆】
sud_vo_system_shro_home_cmmn-23,広,ステージに立つのは楽しみ\n全力で頑張るよ,期待站上舞台\n我会全力以赴哦
sud_vo_system_shro_home_cmmn-24,広,私の成績見る,看我的成绩。
sud_vo_system_shro_home_cmmn-25,広,課題だらけだね。,全是课题呢。
sud_vo_system_shro_home_cmmn-29,広,今朝は4時に起きて、ランニングにチャレンジした。\nいいよ。,今天早上4点起床，挑战了跑步。\n感觉不错。
sud_vo_system_shro_home_cmmn-30,広,私もさきみたいに毎朝ランニングしたら、体力オーバケになれる…かも？,如果我也像咲季那样每天早上跑步，也许能变成体力怪物……？
sud_vo_system_shro_home_touch-01,広,プロデューサー\n私のこと好きすぎ？,制作人\n你是不是太喜欢我了？
sud_vo_system_shro_home_touch-02,広,そんなに見られたら\n照れる,被你那样盯着看\n我会害羞的。
sud_vo_system_shro_home_transition-01,広,おはよう\nまずは休憩,早上好\n先休息一下
sud_vo_system_shro_home_transition-02,広,今日も限界まで頑張る,今天也要努力到极限。
sud_vo_system_shro_home_transition-03,広,お昼ご飯は健全な肉体に必要不可欠,午饭对健全的身体不可或缺。
sud_vo_system_shro_home_transition-04,広,午後の差額は免除だから、プロデューサーと一緒だね。,下午的差额不用补了，所以和制作人一起呢。
sud_vo_system_shro_home_transition-05,広,地獄の特訓が始まる\nふふふふふふふふ,地狱般的特训要开始了\n呵呵呵呵呵呵呵呵
sud_vo_system_shro_home_transition-06,広,レッスン見ててくれるの？,会看着我上课吗？
sud_vo_system_shro_home_transition-07,広,もう動けない。プロデューサー、量まで送ってほしい。,我已经动不了了。制作人，希望你能送我回宿舍。
sud_vo_system_shro_home_transition-08,広,あと少しで目標達成\n残りの体力全部出し切る,还差一点就达成目标\n把剩下的体力全部用光
sud_vo_system_shro_home_transition-09,広,明けましておめでとう。今年もよろしくね。,新年快乐。今年也请多关照哦。
sud_vo_system_shro_home_transition-10,広,バレンタイン？そんなイベントもあった気がする。,情人节？感觉好像有过那种活动。
sud_vo_system_shro_home_transition-11,広,お菓子といたずらどっちがいい？,点心和恶作剧，你想要哪个？
sud_vo_system_shro_home_transition-12,広,メリークリスマス\nつろくて苦しいプレゼントが欲しいな,圣诞快乐\n我想要辛苦又痛苦的礼物呢
sud_vo_system_shro_home_transition-13,広,一年間ありがとう。とってもとっても大変だったね。,感谢这一年来的一切。真的非常非常辛苦呢。
sud_vo_system_shro_home_transition-14,広,お花見、嫌いじゃないけど首が疲れる。,赏花我倒不讨厌，但脖子会累。
sud_vo_system_shro_home_transition-15,広,散步が気持ちいい季節\n体力も尽くし一石二鳥,适合散步、心情舒畅的季节\n也能消耗体力，一石二鸟
sud_vo_system_shro_home_transition-16,広,あったかい。外で倒れても命の危険は少ないね。,好暖和。就算在外面倒下，生命危险也很少呢。
sud_vo_system_shro_home_transition-17,広,あ～熱い\nふふふ,啊～好热\n呵呵呵
sud_vo_system_shro_home_transition-18,広,私の体は夏の暑さに耐えられないと思う,我觉得我的身体耐不住夏天的炎热。
sud_vo_system_shro_home_transition-19,広,夏は好き。私には向いてない季節。,我喜欢夏天。但它是不适合我的季节。
sud_vo_system_shro_home_transition-20,広,動きやすい季節だけど、私の体力は変わらずない。,虽然到了方便活动的季节，但我的体力还是一样没有。
sud_vo_system_shro_home_transition-21,広,落ち葉のおかげで倒れてもあんまり痛くないよ,多亏了落叶，就算摔倒也不太痛哦。
sud_vo_system_shro_home_transition-22,広,秋は栄養のある食べ物がいっぱい\n健康の秋だね,秋天有很多营养丰富的食物\n是健康之秋呢
sud_vo_system_shro_home_transition-23,広,静電気が嫌なら、おまて袋をつけるのが効率的。,如果讨厌静电，带上防静电袋最有效。
sud_vo_system_shro_home_transition-24,広,雪が積もったら、学園までたどり着けないかも,如果积雪了，可能就到不了学校了。
sud_vo_system_shro_home_transition-25,広,凍えそうなくらい寒いね\nだから冬は好き,冷得快要冻僵了呢\n所以我喜欢冬天
sud_vo_system_ssmk_home_birthday-01,清夏,ハッピーバースデー、ピーチ！,生日快乐，P亲！
sud_vo_system_ssmk_home_cmmn-01,清夏,この部屋にぬいぐるみ飾っていい？芸戦で撮ったなあ,我可以在这个房间摆毛绒玩偶吗？是我在艺能战上拍到的呀
sud_vo_system_ssmk_home_cmmn-02,清夏,そろそろカラオケ行きたいから、付き合って！ピーチ！,我差不多想去卡拉OK了，陪我去吧！P亲！
sud_vo_system_ssmk_home_cmmn-03,清夏,勉強とか、ご褒美ないとやってらんないよね～,学习什么的，没有奖励可做不下去呢～
sud_vo_system_ssmk_home_cmmn-04,清夏,私の夢は、やっぱりリーリヤを支えてあげることかな？,我的梦想，果然还是支持莉莉娅吧？
sud_vo_system_ssmk_home_cmmn-05,清夏,今度の休みはリーリヤと遊びに行くな！,下次休息天要和莉莉娅去玩哦！
sud_vo_system_ssmk_home_cmmn-06,清夏,この舞、撮ったプリ、めっちゃ盛れてない？,之前拍的大头贴，超好看的吧？
sud_vo_system_ssmk_home_cmmn-07,清夏,ピーチ真面目すぎ～体ガチガチになっちゃうよ～,P亲太认真了～身体会僵住的哦～
sud_vo_system_ssmk_home_cmmn-08,清夏,忙しいならお手伝おうか？\n終わったら肉まんおごってね？,你忙的话要我帮忙吗？\n结束后要请我吃肉包哦？
sud_vo_system_ssmk_home_cmmn-09,清夏,ピーチ、そろそろ諦めてもいいんだよ,P亲，差不多可以放弃了哦
sud_vo_system_ssmk_home_cmmn-10,清夏,しつこい男は嫌われるよ,纠缠不休的男人会被讨厌的哦
sud_vo_system_ssmk_home_cmmn-11,清夏,レッスン？それよりデートがいいなあ,训练？比起那个，我更想约会呀
sud_vo_system_ssmk_home_cmmn-12,清夏,どうしても怪我したときのこと思い出しちゃうんだよね,总是会想起受伤时的事呢
sud_vo_system_ssmk_home_cmmn-13,清夏,ピーチ鋭すぎ！ちょっと凹んでただけなのに,P亲也太敏锐了！明明我只是有点消沉而已。
sud_vo_system_ssmk_home_cmmn-14,清夏,ピーチっては頼りになりすぎ！,P亲真是可靠过头了！
sud_vo_system_ssmk_home_cmmn-15,清夏,一日で足りなかったら、またデートしてあげるからね！,如果一天不够的话，我会再和你约会的哦！
sud_vo_system_ssmk_home_cmmn-16,清夏,ピーチとなら、ちゃんと強い私になれると思うんだ！,只要和P亲在一起，我觉得自己能成为真正坚强的我！
sud_vo_system_ssmk_home_cmmn-17,清夏,今日も明日も、ずっとよろしくね！,今天明天，都要一直请你多关照哦！
sud_vo_system_ssmk_home_cmmn-18,清夏,出したの？ピーチ,你出来了吗？P亲
sud_vo_system_ssmk_home_cmmn-19,清夏,私としゃべりしたくなっちゃった？,是不是想和我聊天了？
sud_vo_system_ssmk_home_cmmn-20,清夏,私たちのメモリアルってことじゃん？,这不就是我们的纪念吗？
sud_vo_system_ssmk_home_cmmn-21,清夏,一緒に遊びですよ,要一起玩啦。
sud_vo_system_ssmk_home_cmmn-22,清夏,やれるだけやってみるしかないっしょ！,只能尽自己所能去做了吧！
sud_vo_system_ssmk_home_cmmn-23,清夏,悔しいの嫌だし、本気でやっちゃうよ！,讨厌不甘心，所以我会认真上的哦！
sud_vo_system_ssmk_home_cmmn-24,清夏,私のことをそんなに知りたいんだ,你就那么想了解我吗？
sud_vo_system_ssmk_home_cmmn-25,清夏,えー、成績とかどうでもいいじゃん。,哎——，成绩什么的怎么样都无所谓吧。
sud_vo_system_ssmk_home_cmmn-26,清夏,ピッチが教えてくれたことを、ちゃんと覚えてるからね！,P亲教给我的事，我会好好记住的哦！
sud_vo_system_ssmk_home_cmmn-27,清夏,ピーチも今幸せ？\nそうだったらいいなあ,P亲现在也幸福吗？\n是的话就好了啊。
sud_vo_system_ssmk_home_cmmn-28,清夏,これからもビーチと一緒に、もっと幸せになっちゃうよ！,今后也要和P亲一起，变得更加幸福哦！
sud_vo_system_ssmk_home_cmmn-29,清夏,私、今日朝からサキッチと走ってきたんだけど、偉くない？,我啊，今天一大早就和咲季亲一起去跑步了，不厉害吗？
sud_vo_system_ssmk_home_cmmn-30,清夏,ああああああ\nいいおじに起きて走ってきたから眠いよーピーチー,啊啊啊啊啊\n因为起了个大早去跑步，好困啊——P亲——
sud_vo_system_ssmk_home_touch-01,清夏,もう、ピーチしつこい！,真是的，P亲你好缠人！
sud_vo_system_ssmk_home_touch-02,清夏,なになに？そんなに構ってほしいの？,怎么了怎么了？就那么想让我理你吗？
sud_vo_system_ssmk_home_transition-01,清夏,ビーチ、おはよう！,P亲，早上好！
sud_vo_system_ssmk_home_transition-02,清夏,よーし、今日も元気に遊んじゃおう！,好——，今天也精神满满地玩吧！
sud_vo_system_ssmk_home_transition-03,清夏,リーリヤのお弁当、見た目も味もめっちゃいいの！,莉莉娅的便当，外观和味道都超好！
sud_vo_system_ssmk_home_transition-04,清夏,午後の授業つまんないし、今から遊びに行っちゃわない？,下午的课好无聊，不如现在就溜出去玩吧？
sud_vo_system_ssmk_home_transition-05,清夏,ドキドキ？\nピーチのお部屋探索～とかしちゃう？,心跳加速？\n要不要去P亲的房间探险～之类的？
sud_vo_system_ssmk_home_transition-06,清夏,今日の授業も疲れた～\nリーチ、カフェを奢って,今天上课也累死了～\nP亲，请我去咖啡厅嘛。
sud_vo_system_ssmk_home_transition-07,清夏,ピッチ、寮まで送ってほしいなあ,P亲，好想让你送我回宿舍呀
sud_vo_system_ssmk_home_transition-08,清夏,このまま二人で夜更かしするとか楽しそうじゃん？,就这样两个人一起熬夜什么的，不觉得很有意思吗？
sud_vo_system_ssmk_home_transition-09,清夏,明けましておめでとう！今年もよろしくね！,新年快乐！今年也请多关照哦！
sud_vo_system_ssmk_home_transition-10,清夏,ちゃんとピーチにチョコ用意してるって！,我可有好好给P亲准备巧克力哦！
sud_vo_system_ssmk_home_transition-11,清夏,ピーチにはお菓子くれてもいたずらしちゃうぞー,就算P亲给我点心，我也要搞恶作剧哦——
sud_vo_system_ssmk_home_transition-12,清夏,クリスマスだし、今日こそデートビューリション！,都圣诞节了，今天一定要来场约会革命！
sud_vo_system_ssmk_home_transition-13,清夏,今年もありがとう。来年もよろしくね！,今年也谢谢你。明年也请多关照哦！
sud_vo_system_ssmk_home_transition-14,清夏,コスメ、春の新色がめっちゃ可愛いんだ！見て見て！,化妆品春季新色超可爱的！快看快看！
sud_vo_system_ssmk_home_transition-15,清夏,あっ、ビーチ桜の花びらついてんじゃん。可愛い！,啊，P亲你身上沾着樱花花瓣呢。好可爱！
sud_vo_system_ssmk_home_transition-16,清夏,桜のお菓子とか、リーリヤに作ってもらおうかな？,樱花点心什么的，要不要让莉莉娅做给我呢？
sud_vo_system_ssmk_home_transition-17,清夏,あっつー！\nでも海とか絶対気持ちいいしょ？,好热——！\n不过海边什么的绝对很舒服吧？
sud_vo_system_ssmk_home_transition-18,清夏,夏ってなんかテンション上がるんだよなあ\nね？,夏天就是会莫名兴奋起来呀\n对吧？
sud_vo_system_ssmk_home_transition-19,清夏,夏の太陽の下でも遊ぶ対策はバッチリ！,在夏日阳光下也能玩的准备已经万无一失！
sud_vo_system_ssmk_home_transition-20,清夏,あっという間に暗くなると思ったら、もう秋かー,感觉天一下子就变暗了，原来已经到秋天了啊——
sud_vo_system_ssmk_home_transition-21,清夏,紅葉綺麗だし、ちょっと散歩しに行こうよ,红叶很美，我们去散散步吧
sud_vo_system_ssmk_home_transition-22,清夏,私にとっての秋は、ファッションの秋かな？,对我来说秋天就是时尚之秋吧？
sud_vo_system_ssmk_home_transition-23,清夏,寒い！\nピーチ、温めてくんない？,好冷！\nP亲，帮我暖暖嘛？
sud_vo_system_ssmk_home_transition-24,清夏,冬って寒いけど、楽しいイベント多くて好きかも！,冬天虽然冷，但好玩的活动很多，说不定我会喜欢！
sud_vo_system_ssmk_home_transition-25,清夏,ピーチのために、あったかい飲み物を買ってきただけよか？,我给P亲买了热饮来哦？
sud_vo_system_ttmr_home_birthday-01,手毬,誕生日おめでとうございます。,生日快乐。
sud_vo_system_ttmr_home_cmmn-01,手毬,プロデューサーって料理できるんですね,制作人你原来会做饭啊。
sud_vo_system_ttmr_home_cmmn-02,手毬,おぼろ、すいとの...たまにはラーメンとか...うんうん、カモンカモン,嫩豆腐、面疙瘩……偶尔来点拉面什么的……嗯嗯，来吧来吧。
sud_vo_system_ttmr_home_cmmn-03,手毬,小さい頃の写真は絶対見せません。,小时候的照片我绝对不会给你看。
sud_vo_system_ttmr_home_cmmn-04,手毬,必ずトップアイドルになってみせます,我一定会成为顶级偶像给你看。
sud_vo_system_ttmr_home_cmmn-05,手毬,友達？不要です。夢を叶える役には立ちませんから。,朋友？不需要。\n因为对实现梦想没有帮助。
sud_vo_system_ttmr_home_cmmn-06,手毬,あの、さっきは言い過ぎ。\nいや、やっぱりなんでもない！,那个，刚才我说得太过分了。\n不，还是算了，没什么！
sud_vo_system_ttmr_home_cmmn-07,手毬,プロデューサー、少しはデリカシーの勉強もしたほうがいいよ。,制作人，你最好也学一点分寸感。
sud_vo_system_ttmr_home_cmmn-08,手毬,プロデューサーなんですから、電話にはすぐ出てください。,你是制作人，所以电话请立刻接。
sud_vo_system_ttmr_home_cmmn-09,手毬,足を引っ張るようなら容赦しないから,如果你拖后腿，我不会客气。
sud_vo_system_ttmr_home_cmmn-10,手毬,神も服も整えてきました。,头发和衣服都整理好了。
sud_vo_system_ttmr_home_cmmn-11,手毬,食い物なんかで簡単に信頼したりしませんから,我才不会因为一点吃的就轻易信任别人。
sud_vo_system_ttmr_home_cmmn-12,手毬,努力を邪魔されないのって、気分いいね,努力不被打扰，感觉真好呢。
sud_vo_system_ttmr_home_cmmn-13,手毬,写真のことはごめんなさい。,照片的事对不起。
sud_vo_system_ttmr_home_cmmn-14,手毬,あさり先生から何か変なこと聞いてないよね？,你没从亚纱里老师那里听到什么奇怪的事吧？
sud_vo_system_ttmr_home_cmmn-15,手毬,美鈴とのことは心配しなくて大丈夫。\nありがとう。,美铃的事你不用担心。\n谢谢。
sud_vo_system_ttmr_home_cmmn-16,手毬,ミスズのプロデュースしないでよね,别去担任美铃的制作人哦。
sud_vo_system_ttmr_home_cmmn-17,手毬,満足なんてしてないから。\nその、これからもよろしく。,我才没有满足呢。\n那个，今后也请多关照。
sud_vo_system_ttmr_home_cmmn-18,手毬,あ、プロデューサー呼んだ？,啊，制作人你叫我了吗？
sud_vo_system_ttmr_home_cmmn-19,手毬,顔に何かついてますか？,我脸上有什么东西吗？
sud_vo_system_ttmr_home_cmmn-20,手毬,振り返りしますか？,要回顾一下吗？
sud_vo_system_ttmr_home_cmmn-21,手毬,少し話すくらいならいいですけど,只是稍微聊一下的话倒没关系。
sud_vo_system_ttmr_home_cmmn-22,手毬,出るからには負けません。,既然要出场，我就不会输。
sud_vo_system_ttmr_home_cmmn-23,手毬,準備はできてますか？できてますよね？,准备好了吗？你准备好了对吧？
sud_vo_system_ttmr_home_cmmn-24,手毬,そんなに私のこと知りたいの？,你就那么想了解我吗？
sud_vo_system_ttmr_home_cmmn-25,手毬,弱点の克服してみせるから,我会克服弱点给你看。
sud_vo_system_ttmr_home_cmmn-26,手毬,トップアイドル、月村てまり。\nいい響きです。,顶级偶像，月村手毬。\n这称呼真好听。
sud_vo_system_ttmr_home_cmmn-27,手毬,もっと好きにさせてみせますから、覚悟してくださいね。,我会让你更喜欢我的，请做好觉悟哦。
sud_vo_system_ttmr_home_cmmn-28,手毬,あなたとならさらに上を目指せる\nこれからが楽しみです,和你一起就能朝更高的目标迈进\n今后我很期待。
sud_vo_system_ttmr_home_cmmn-29,手毬,今朝はさきと走ってきたんです。\nあいつと走ると、気合が入ります。,今天早上我和咲季一起去跑步了。\n和那家伙一起跑，会很有干劲。
sud_vo_system_ttmr_home_cmmn-30,手毬,四時から起きてるとお腹が少な。\nプロデューサー、何か作ってくれませんか？,从四点就起来，肚子都饿了呢。\n制作人，能给我做点什么吗？
sud_vo_system_ttmr_home_touch-01,手毬,な、何なんですかさっきから,你、你从刚才开始到底想怎样。
sud_vo_system_ttmr_home_touch-02,手毬,し、しつこい！,真、真烦人！
sud_vo_system_ttmr_home_transition-01,手毬,おはようございます。スケジュールを確認しましょう。,早上好。我们确认一下日程吧。
sud_vo_system_ttmr_home_transition-02,手毬,一秒たりとも無駄にはしません,一秒钟都不会浪费。
sud_vo_system_ttmr_home_transition-03,手毬,たまにはカレーとか作ってほしい,偶尔也想让你做做咖喱什么的。
sud_vo_system_ttmr_home_transition-04,手毬,お腹すいて午前の授業集中できなかった。,肚子饿了，上午的课都没法集中精神。
sud_vo_system_ttmr_home_transition-05,手毬,さあ、レッスンを始めましょう。すぐに。,好了，开始训练吧。马上开始。
sud_vo_system_ttmr_home_transition-06,手毬,プロデューサー！ま...待ってなんかないです,制作人！我、我才没有在等你。
sud_vo_system_ttmr_home_transition-07,手毬,振り返りをします,来做回顾。
sud_vo_system_ttmr_home_transition-08,手毬,今からレッスンでも、私は平気ですよ。,就算现在开始训练，我也没问题。
sud_vo_system_ttmr_home_transition-09,手毬,明けましておめでとうございます。引き続きお願いします。,新年快乐。今后也请多关照。
sud_vo_system_ttmr_home_transition-10,手毬,まさか、ちょっと期待してるんですか？,不会吧，你还有点期待吗？
sud_vo_system_ttmr_home_transition-11,手毬,お菓子あげますから、いたずらしないでくださいね。,我会给你点心，所以不要捣乱哦。
sud_vo_system_ttmr_home_transition-12,手毬,クリスマスですね\nだからどうってこともないけど,圣诞节了呢。\n不过也不是什么特别的日子。
sud_vo_system_ttmr_home_transition-13,手毬,プロデューサー、今年はお世話になりました。,制作人，今年承蒙你照顾了。
sud_vo_system_ttmr_home_transition-14,手毬,やっと温かくなってきましたね。,终于暖和起来了呢。
sud_vo_system_ttmr_home_transition-15,手毬,桜が散る前に、お花見に行きませんか？,在樱花凋谢前，要不要去赏花？
sud_vo_system_ttmr_home_transition-16,手毬,プロデューサーもこの時期は眠くなりますよね,制作人这个时期也会犯困对吧。
sud_vo_system_ttmr_home_transition-17,手毬,アイスカマ,冰卡玛
sud_vo_system_ttmr_home_transition-18,手毬,投稿するだけで汗をかくんです。理不尽,光是发个帖子就出汗。太不讲理了。
sud_vo_system_ttmr_home_transition-19,手毬,こんなに暑いのに、どうして元気なんですか？,明明这么热，为什么还这么有精神？
sud_vo_system_ttmr_home_transition-20,手毬,夜、すずむしの声が聞こえて落ち着くんですよね。,晚上听到铃虫的叫声，会让人平静下来呢。
sud_vo_system_ttmr_home_transition-21,手毬,やっと涼しくなってきましたね。,终于凉快起来了呢。
sud_vo_system_ttmr_home_transition-22,手毬,何か言いたそうにしてますね。運動の秋です。,你看起来想说什么呢。秋天是运动的季节。
sud_vo_system_ttmr_home_transition-23,手毬,寒くても、いつでも声を出せるようにしてますよ。,就算冷，我也随时都能唱出声来。
sud_vo_system_ttmr_home_transition-24,手毬,この時期は起きるのが大変ですよね,这个季节起床很辛苦对吧。
sud_vo_system_ttmr_home_transition-25,手毬,こんなに寒いのにどうして元気なんですか,明明这么冷，为什么还那么有精神？
